-- phpMyAdmin SQL Dump
-- version 4.6.5.2
-- https://www.phpmyadmin.net/
--
-- Host: 127.0.0.1
-- Generation Time: Apr 20, 2017 at 02:13 PM
-- Server version: 10.1.21-MariaDB
-- PHP Version: 7.1.1

SET SQL_MODE = "NO_AUTO_VALUE_ON_ZERO";
SET time_zone = "+00:00";


/*!40101 SET @OLD_CHARACTER_SET_CLIENT=@@CHARACTER_SET_CLIENT */;
/*!40101 SET @OLD_CHARACTER_SET_RESULTS=@@CHARACTER_SET_RESULTS */;
/*!40101 SET @OLD_COLLATION_CONNECTION=@@COLLATION_CONNECTION */;
/*!40101 SET NAMES utf8mb4 */;

--
-- Database: `9jaworkshops`
--

-- --------------------------------------------------------

--
-- Table structure for table `artisans`
--

CREATE TABLE `artisans` (
  `artisan_id` int(11) NOT NULL,
  `artisan_first_name` varchar(255) NOT NULL,
  `artisan_last_name` varchar(255) NOT NULL,
  `artisan_occupation_id` int(11) NOT NULL,
  `artisan_phone` varchar(255) NOT NULL,
  `artisan_email` varchar(255) NOT NULL,
  `artisan_password` varchar(255) NOT NULL,
  `artisan_address` varchar(255) NOT NULL,
  `artisan_rating` int(2) NOT NULL,
  `artisan_status` varchar(11) NOT NULL,
  `lga_id` int(11) NOT NULL,
  `date_created` date NOT NULL,
  `date_updated` date NOT NULL
) ENGINE=InnoDB DEFAULT CHARSET=latin1;

-- --------------------------------------------------------

--
-- Table structure for table `comments`
--

CREATE TABLE `comments` (
  `comment_id` int(11) NOT NULL,
  `comment_text` varchar(255) NOT NULL,
  `artisan_id` int(11) NOT NULL,
  `status` varchar(5) NOT NULL,
  `date_created` date NOT NULL,
  `date_updated` date NOT NULL
) ENGINE=InnoDB DEFAULT CHARSET=latin1;

-- --------------------------------------------------------

--
-- Table structure for table `images`
--

CREATE TABLE `images` (
  `image_id` int(11) NOT NULL,
  `image` varchar(255) NOT NULL,
  `artisan_id` int(11) NOT NULL,
  `status` varchar(5) NOT NULL,
  `date_created` date NOT NULL,
  `date_updated` date NOT NULL
) ENGINE=InnoDB DEFAULT CHARSET=latin1;

-- --------------------------------------------------------

--
-- Table structure for table `lgas`
--

CREATE TABLE `lgas` (
  `lga_id` int(5) NOT NULL,
  `lga_name` varchar(100) NOT NULL,
  `state_id` int(5) NOT NULL,
  `status` varchar(5) NOT NULL,
  `date_created` datetime NOT NULL,
  `date_updated` datetime NOT NULL
) ENGINE=InnoDB DEFAULT CHARSET=latin1;

--
-- Dumping data for table `lgas`
--

INSERT INTO `lgas` (`lga_id`, `lga_name`, `state_id`, `status`, `date_created`, `date_updated`) VALUES
(1, 'Aba North', 1, 'yes', '0000-00-00 00:00:00', '0000-00-00 00:00:00'),
(2, 'Aba South', 1, 'yes', '0000-00-00 00:00:00', '0000-00-00 00:00:00'),
(3, 'Arochukwu', 1, 'yes', '0000-00-00 00:00:00', '0000-00-00 00:00:00'),
(4, 'Bende', 1, 'yes', '0000-00-00 00:00:00', '0000-00-00 00:00:00'),
(5, 'Ikwuano', 1, 'yes', '0000-00-00 00:00:00', '0000-00-00 00:00:00'),
(6, 'Isiala-Ngwa North', 1, 'yes', '0000-00-00 00:00:00', '0000-00-00 00:00:00'),
(7, 'Isiala-Ngwa South', 1, 'yes', '0000-00-00 00:00:00', '0000-00-00 00:00:00'),
(8, 'Isuikwato', 1, 'yes', '0000-00-00 00:00:00', '0000-00-00 00:00:00'),
(9, 'Obingwa', 1, 'yes', '0000-00-00 00:00:00', '0000-00-00 00:00:00'),
(10, 'Ohafia', 1, 'yes', '0000-00-00 00:00:00', '0000-00-00 00:00:00'),
(11, 'Osisioma', 1, 'yes', '0000-00-00 00:00:00', '0000-00-00 00:00:00'),
(12, 'Ugwunagbo', 1, 'yes', '0000-00-00 00:00:00', '0000-00-00 00:00:00'),
(13, 'Ukwa East', 1, 'yes', '0000-00-00 00:00:00', '0000-00-00 00:00:00'),
(14, 'Ukwa West', 1, 'yes', '0000-00-00 00:00:00', '0000-00-00 00:00:00'),
(15, 'Umuahia North', 1, 'yes', '0000-00-00 00:00:00', '0000-00-00 00:00:00'),
(16, 'Umuahia South', 1, 'yes', '0000-00-00 00:00:00', '0000-00-00 00:00:00'),
(17, 'Umu-Nnochi', 1, 'yes', '0000-00-00 00:00:00', '0000-00-00 00:00:00'),
(18, 'Demsa', 2, 'yes', '0000-00-00 00:00:00', '0000-00-00 00:00:00'),
(19, 'Fufore', 2, 'yes', '0000-00-00 00:00:00', '0000-00-00 00:00:00'),
(20, 'Ganaye', 2, 'yes', '0000-00-00 00:00:00', '0000-00-00 00:00:00'),
(21, 'Gireri', 2, 'yes', '0000-00-00 00:00:00', '0000-00-00 00:00:00'),
(22, 'Gombi', 2, 'yes', '0000-00-00 00:00:00', '0000-00-00 00:00:00'),
(23, 'Guyuk', 2, 'yes', '0000-00-00 00:00:00', '0000-00-00 00:00:00'),
(24, 'Hong', 2, 'yes', '0000-00-00 00:00:00', '0000-00-00 00:00:00'),
(25, 'Jada', 2, 'yes', '0000-00-00 00:00:00', '0000-00-00 00:00:00'),
(26, 'Lamurde', 2, 'yes', '0000-00-00 00:00:00', '0000-00-00 00:00:00'),
(27, 'Madagali', 2, 'yes', '0000-00-00 00:00:00', '0000-00-00 00:00:00'),
(28, 'Maiha', 2, 'yes', '0000-00-00 00:00:00', '0000-00-00 00:00:00'),
(29, 'Mayo-Belwa', 2, 'yes', '0000-00-00 00:00:00', '0000-00-00 00:00:00'),
(30, 'Michika', 2, 'yes', '0000-00-00 00:00:00', '0000-00-00 00:00:00'),
(31, 'Mubi North', 2, 'yes', '0000-00-00 00:00:00', '0000-00-00 00:00:00'),
(32, 'Mubi South', 2, 'yes', '0000-00-00 00:00:00', '0000-00-00 00:00:00'),
(33, 'Numan', 2, 'yes', '0000-00-00 00:00:00', '0000-00-00 00:00:00'),
(34, 'Shelleng', 2, 'yes', '0000-00-00 00:00:00', '0000-00-00 00:00:00'),
(35, 'Song', 2, 'yes', '0000-00-00 00:00:00', '0000-00-00 00:00:00'),
(36, 'Toungo', 2, 'yes', '0000-00-00 00:00:00', '0000-00-00 00:00:00'),
(37, 'Yola North', 2, 'yes', '0000-00-00 00:00:00', '0000-00-00 00:00:00'),
(38, 'Yola South', 2, 'yes', '0000-00-00 00:00:00', '0000-00-00 00:00:00'),
(39, 'Abak', 3, 'yes', '0000-00-00 00:00:00', '0000-00-00 00:00:00'),
(40, 'Eastern Obolo', 3, 'yes', '0000-00-00 00:00:00', '0000-00-00 00:00:00'),
(41, 'Eket', 3, 'yes', '0000-00-00 00:00:00', '0000-00-00 00:00:00'),
(42, 'Esit Eket', 3, 'yes', '0000-00-00 00:00:00', '0000-00-00 00:00:00'),
(43, 'Essien Udim', 3, 'yes', '0000-00-00 00:00:00', '0000-00-00 00:00:00'),
(44, 'Etim Ekpo', 3, 'yes', '0000-00-00 00:00:00', '0000-00-00 00:00:00'),
(45, 'Etinan', 3, 'yes', '0000-00-00 00:00:00', '0000-00-00 00:00:00'),
(46, 'Ibeno', 3, 'yes', '0000-00-00 00:00:00', '0000-00-00 00:00:00'),
(47, 'Ibesikpo Asutan', 3, 'yes', '0000-00-00 00:00:00', '0000-00-00 00:00:00'),
(48, 'Ibiono Ibom', 3, 'yes', '0000-00-00 00:00:00', '0000-00-00 00:00:00'),
(49, 'Ika', 3, 'yes', '0000-00-00 00:00:00', '0000-00-00 00:00:00'),
(50, 'Ikono', 3, 'yes', '0000-00-00 00:00:00', '0000-00-00 00:00:00'),
(51, 'Ikot Abasi', 3, 'yes', '0000-00-00 00:00:00', '0000-00-00 00:00:00'),
(52, 'Ikot Ekpene', 3, 'yes', '0000-00-00 00:00:00', '0000-00-00 00:00:00'),
(53, 'Ini', 3, 'yes', '0000-00-00 00:00:00', '0000-00-00 00:00:00'),
(54, 'Itu', 3, 'yes', '0000-00-00 00:00:00', '0000-00-00 00:00:00'),
(55, 'Mbo', 3, 'yes', '0000-00-00 00:00:00', '0000-00-00 00:00:00'),
(56, 'Mkpat Enin', 3, 'yes', '0000-00-00 00:00:00', '0000-00-00 00:00:00'),
(57, 'Nsit Atai', 3, 'yes', '0000-00-00 00:00:00', '0000-00-00 00:00:00'),
(58, 'Nsit Ibom', 3, 'yes', '0000-00-00 00:00:00', '0000-00-00 00:00:00'),
(59, 'Nsit Ubium', 3, 'yes', '0000-00-00 00:00:00', '0000-00-00 00:00:00'),
(60, 'Obot Akara', 3, 'yes', '0000-00-00 00:00:00', '0000-00-00 00:00:00'),
(61, 'Okobo', 3, 'yes', '0000-00-00 00:00:00', '0000-00-00 00:00:00'),
(62, 'Onna', 3, 'yes', '0000-00-00 00:00:00', '0000-00-00 00:00:00'),
(63, 'Oron', 3, 'yes', '0000-00-00 00:00:00', '0000-00-00 00:00:00'),
(64, 'Oruk Anam', 3, 'yes', '0000-00-00 00:00:00', '0000-00-00 00:00:00'),
(65, 'Udung Uko', 3, 'yes', '0000-00-00 00:00:00', '0000-00-00 00:00:00'),
(66, 'Ukanafun', 3, 'yes', '0000-00-00 00:00:00', '0000-00-00 00:00:00'),
(67, 'Uruan', 3, 'yes', '0000-00-00 00:00:00', '0000-00-00 00:00:00'),
(68, 'Urue-Offong/Oruko', 3, 'yes', '0000-00-00 00:00:00', '0000-00-00 00:00:00'),
(69, 'Uyo', 3, 'yes', '0000-00-00 00:00:00', '0000-00-00 00:00:00'),
(70, 'Aguata', 4, 'yes', '0000-00-00 00:00:00', '0000-00-00 00:00:00'),
(71, 'Anambra East', 4, 'yes', '0000-00-00 00:00:00', '0000-00-00 00:00:00'),
(72, 'Anambra West', 4, 'yes', '0000-00-00 00:00:00', '0000-00-00 00:00:00'),
(73, 'Anaocha', 4, 'yes', '0000-00-00 00:00:00', '0000-00-00 00:00:00'),
(74, 'Awka North', 4, 'yes', '0000-00-00 00:00:00', '0000-00-00 00:00:00'),
(75, 'Awka South', 4, 'yes', '0000-00-00 00:00:00', '0000-00-00 00:00:00'),
(76, 'Ayamelum', 4, 'yes', '0000-00-00 00:00:00', '0000-00-00 00:00:00'),
(77, 'Dunukofia', 4, 'yes', '0000-00-00 00:00:00', '0000-00-00 00:00:00'),
(78, 'Ekwusigo', 4, 'yes', '0000-00-00 00:00:00', '0000-00-00 00:00:00'),
(79, 'Idemili North', 4, 'yes', '0000-00-00 00:00:00', '0000-00-00 00:00:00'),
(80, 'Idemili south', 4, 'yes', '0000-00-00 00:00:00', '0000-00-00 00:00:00'),
(81, 'Ihiala', 4, 'yes', '0000-00-00 00:00:00', '0000-00-00 00:00:00'),
(82, 'Njikoka', 4, 'yes', '0000-00-00 00:00:00', '0000-00-00 00:00:00'),
(83, 'Nnewi North', 4, 'yes', '0000-00-00 00:00:00', '0000-00-00 00:00:00'),
(84, ' Nnewi South', 4, 'yes', '0000-00-00 00:00:00', '0000-00-00 00:00:00'),
(85, 'Ogbaru', 4, 'yes', '0000-00-00 00:00:00', '0000-00-00 00:00:00'),
(86, 'Onitsha North', 4, 'yes', '0000-00-00 00:00:00', '0000-00-00 00:00:00'),
(87, 'Onitsha South', 4, 'yes', '0000-00-00 00:00:00', '0000-00-00 00:00:00'),
(88, 'Orumba North', 4, 'yes', '0000-00-00 00:00:00', '0000-00-00 00:00:00'),
(89, 'Orumba South', 4, 'yes', '0000-00-00 00:00:00', '0000-00-00 00:00:00'),
(90, 'Oyi', 4, 'yes', '0000-00-00 00:00:00', '0000-00-00 00:00:00'),
(91, 'Alkaleri', 5, 'yes', '0000-00-00 00:00:00', '0000-00-00 00:00:00'),
(92, 'Bauchi LG', 5, 'yes', '0000-00-00 00:00:00', '0000-00-00 00:00:00'),
(93, 'Bogoro', 5, 'yes', '0000-00-00 00:00:00', '0000-00-00 00:00:00'),
(94, 'Damban', 5, 'yes', '0000-00-00 00:00:00', '0000-00-00 00:00:00'),
(95, 'Darazo', 5, 'yes', '0000-00-00 00:00:00', '0000-00-00 00:00:00'),
(96, 'Dass', 5, 'yes', '0000-00-00 00:00:00', '0000-00-00 00:00:00'),
(97, 'Ganjuwa', 5, 'yes', '0000-00-00 00:00:00', '0000-00-00 00:00:00'),
(98, 'Gamawa', 5, 'yes', '0000-00-00 00:00:00', '0000-00-00 00:00:00'),
(99, 'Giade', 5, 'yes', '0000-00-00 00:00:00', '0000-00-00 00:00:00'),
(100, 'Itas/Gadau', 5, 'yes', '0000-00-00 00:00:00', '0000-00-00 00:00:00'),
(101, 'Jama\'are', 5, 'yes', '0000-00-00 00:00:00', '0000-00-00 00:00:00'),
(102, 'Katagum', 5, 'yes', '0000-00-00 00:00:00', '0000-00-00 00:00:00'),
(103, 'Kirfi', 5, 'yes', '0000-00-00 00:00:00', '0000-00-00 00:00:00'),
(104, 'Misau', 5, 'yes', '0000-00-00 00:00:00', '0000-00-00 00:00:00'),
(105, 'Ningi', 5, 'yes', '0000-00-00 00:00:00', '0000-00-00 00:00:00'),
(106, 'Shira', 5, 'yes', '0000-00-00 00:00:00', '0000-00-00 00:00:00'),
(107, 'Tafawa-Balewa', 5, 'yes', '0000-00-00 00:00:00', '0000-00-00 00:00:00'),
(108, 'Toro', 5, 'yes', '0000-00-00 00:00:00', '0000-00-00 00:00:00'),
(109, 'Warji', 5, 'yes', '0000-00-00 00:00:00', '0000-00-00 00:00:00'),
(110, 'Zaki', 5, 'yes', '0000-00-00 00:00:00', '0000-00-00 00:00:00'),
(111, 'Brass', 6, 'yes', '0000-00-00 00:00:00', '0000-00-00 00:00:00'),
(112, 'Ekeremor', 6, 'yes', '0000-00-00 00:00:00', '0000-00-00 00:00:00'),
(113, 'Kolokuma/Opokuma', 6, 'yes', '0000-00-00 00:00:00', '0000-00-00 00:00:00'),
(114, 'Nembe', 6, 'yes', '0000-00-00 00:00:00', '0000-00-00 00:00:00'),
(115, 'Ogbia', 6, 'yes', '0000-00-00 00:00:00', '0000-00-00 00:00:00'),
(116, 'Sagbama', 6, 'yes', '0000-00-00 00:00:00', '0000-00-00 00:00:00'),
(117, 'Southern Ijaw', 6, 'yes', '0000-00-00 00:00:00', '0000-00-00 00:00:00'),
(118, 'Yenegoa', 6, 'yes', '0000-00-00 00:00:00', '0000-00-00 00:00:00'),
(119, 'Ado', 7, 'yes', '0000-00-00 00:00:00', '0000-00-00 00:00:00'),
(120, 'Agatu', 7, 'yes', '0000-00-00 00:00:00', '0000-00-00 00:00:00'),
(121, 'Apa', 7, 'yes', '0000-00-00 00:00:00', '0000-00-00 00:00:00'),
(122, 'Buruku', 7, 'yes', '0000-00-00 00:00:00', '0000-00-00 00:00:00'),
(123, 'Gboko', 7, 'yes', '0000-00-00 00:00:00', '0000-00-00 00:00:00'),
(124, 'Guma', 7, 'yes', '0000-00-00 00:00:00', '0000-00-00 00:00:00'),
(125, 'Gwer East', 7, 'yes', '0000-00-00 00:00:00', '0000-00-00 00:00:00'),
(126, 'Gwer West', 7, 'yes', '0000-00-00 00:00:00', '0000-00-00 00:00:00'),
(127, 'Katsina-Ala', 7, 'yes', '0000-00-00 00:00:00', '0000-00-00 00:00:00'),
(128, 'Konshisha', 7, 'yes', '0000-00-00 00:00:00', '0000-00-00 00:00:00'),
(129, 'Kwande', 7, 'yes', '0000-00-00 00:00:00', '0000-00-00 00:00:00'),
(130, 'Logo', 7, 'yes', '0000-00-00 00:00:00', '0000-00-00 00:00:00'),
(131, 'Makurdi', 7, 'yes', '0000-00-00 00:00:00', '0000-00-00 00:00:00'),
(132, 'Obi', 7, 'yes', '0000-00-00 00:00:00', '0000-00-00 00:00:00'),
(133, 'Ogbadibo', 7, 'yes', '0000-00-00 00:00:00', '0000-00-00 00:00:00'),
(134, 'Oju', 7, 'yes', '0000-00-00 00:00:00', '0000-00-00 00:00:00'),
(135, 'Okpokwu', 7, 'yes', '0000-00-00 00:00:00', '0000-00-00 00:00:00'),
(136, 'Ohimini', 7, 'yes', '0000-00-00 00:00:00', '0000-00-00 00:00:00'),
(137, 'Oturkpo', 7, 'yes', '0000-00-00 00:00:00', '0000-00-00 00:00:00'),
(138, 'Tarka', 7, 'yes', '0000-00-00 00:00:00', '0000-00-00 00:00:00'),
(139, 'Ukum', 7, 'yes', '0000-00-00 00:00:00', '0000-00-00 00:00:00'),
(140, 'Ushongo', 7, 'yes', '0000-00-00 00:00:00', '0000-00-00 00:00:00'),
(141, 'Vandeikya', 7, 'yes', '0000-00-00 00:00:00', '0000-00-00 00:00:00'),
(142, 'Abadam', 8, 'yes', '0000-00-00 00:00:00', '0000-00-00 00:00:00'),
(143, 'Askira/Uba', 8, 'yes', '0000-00-00 00:00:00', '0000-00-00 00:00:00'),
(144, 'Bama', 8, 'yes', '0000-00-00 00:00:00', '0000-00-00 00:00:00'),
(145, 'Bayo', 8, 'yes', '0000-00-00 00:00:00', '0000-00-00 00:00:00'),
(146, 'Biu', 8, 'yes', '0000-00-00 00:00:00', '0000-00-00 00:00:00'),
(147, 'Chibok', 8, 'yes', '0000-00-00 00:00:00', '0000-00-00 00:00:00'),
(148, 'Damboa', 8, 'yes', '0000-00-00 00:00:00', '0000-00-00 00:00:00'),
(149, 'Dikwa', 8, 'yes', '0000-00-00 00:00:00', '0000-00-00 00:00:00'),
(150, 'Gubio', 8, 'yes', '0000-00-00 00:00:00', '0000-00-00 00:00:00'),
(151, 'Guzamala', 8, 'yes', '0000-00-00 00:00:00', '0000-00-00 00:00:00'),
(152, 'Gwoza', 8, 'yes', '0000-00-00 00:00:00', '0000-00-00 00:00:00'),
(153, 'Hawul', 8, 'yes', '0000-00-00 00:00:00', '0000-00-00 00:00:00'),
(154, 'Jere', 8, 'yes', '0000-00-00 00:00:00', '0000-00-00 00:00:00'),
(155, 'Kaga', 8, 'yes', '0000-00-00 00:00:00', '0000-00-00 00:00:00'),
(156, 'Kala/Balge', 8, 'yes', '0000-00-00 00:00:00', '0000-00-00 00:00:00'),
(157, 'Konduga', 8, 'yes', '0000-00-00 00:00:00', '0000-00-00 00:00:00'),
(158, 'Kukawa', 8, 'yes', '0000-00-00 00:00:00', '0000-00-00 00:00:00'),
(159, 'Kwaya Kusar', 8, 'yes', '0000-00-00 00:00:00', '0000-00-00 00:00:00'),
(160, 'Mafa', 8, 'yes', '0000-00-00 00:00:00', '0000-00-00 00:00:00'),
(161, 'Magumeri', 8, 'yes', '0000-00-00 00:00:00', '0000-00-00 00:00:00'),
(162, 'Maiduguri', 8, 'yes', '0000-00-00 00:00:00', '0000-00-00 00:00:00'),
(163, 'Marte', 8, 'yes', '0000-00-00 00:00:00', '0000-00-00 00:00:00'),
(164, 'Mobbar', 8, 'yes', '0000-00-00 00:00:00', '0000-00-00 00:00:00'),
(165, 'Monguno', 8, 'yes', '0000-00-00 00:00:00', '0000-00-00 00:00:00'),
(166, 'Ngala', 8, 'yes', '0000-00-00 00:00:00', '0000-00-00 00:00:00'),
(167, 'Nganzai', 8, 'yes', '0000-00-00 00:00:00', '0000-00-00 00:00:00'),
(168, 'Shani', 8, 'yes', '0000-00-00 00:00:00', '0000-00-00 00:00:00'),
(169, 'Akpabuyo', 9, 'yes', '0000-00-00 00:00:00', '0000-00-00 00:00:00'),
(170, 'Odukpani', 9, 'yes', '0000-00-00 00:00:00', '0000-00-00 00:00:00'),
(171, 'Akamkpa', 9, 'yes', '0000-00-00 00:00:00', '0000-00-00 00:00:00'),
(172, 'Biase', 9, 'yes', '0000-00-00 00:00:00', '0000-00-00 00:00:00'),
(173, 'Abi', 9, 'yes', '0000-00-00 00:00:00', '0000-00-00 00:00:00'),
(174, 'Ikom', 9, 'yes', '0000-00-00 00:00:00', '0000-00-00 00:00:00'),
(175, 'Yarkur', 9, 'yes', '0000-00-00 00:00:00', '0000-00-00 00:00:00'),
(176, 'Odubra', 9, 'yes', '0000-00-00 00:00:00', '0000-00-00 00:00:00'),
(177, 'Boki', 9, 'yes', '0000-00-00 00:00:00', '0000-00-00 00:00:00'),
(178, 'Ogoja', 9, 'yes', '0000-00-00 00:00:00', '0000-00-00 00:00:00'),
(179, 'Yala', 9, 'yes', '0000-00-00 00:00:00', '0000-00-00 00:00:00'),
(180, 'Obanliku', 9, 'yes', '0000-00-00 00:00:00', '0000-00-00 00:00:00'),
(181, 'Obudu', 9, 'yes', '0000-00-00 00:00:00', '0000-00-00 00:00:00'),
(182, 'Calabar South', 9, 'yes', '0000-00-00 00:00:00', '0000-00-00 00:00:00'),
(183, 'Etung', 9, 'yes', '0000-00-00 00:00:00', '0000-00-00 00:00:00'),
(184, 'Bekwarra', 9, 'yes', '0000-00-00 00:00:00', '0000-00-00 00:00:00'),
(185, 'Bakassi', 9, 'yes', '0000-00-00 00:00:00', '0000-00-00 00:00:00'),
(186, 'Calabar Municipality', 9, 'yes', '0000-00-00 00:00:00', '0000-00-00 00:00:00'),
(187, 'Oshimili South', 10, 'yes', '0000-00-00 00:00:00', '0000-00-00 00:00:00'),
(188, 'Aniocha', 10, 'yes', '0000-00-00 00:00:00', '0000-00-00 00:00:00'),
(189, 'Aniocha South', 10, 'yes', '0000-00-00 00:00:00', '0000-00-00 00:00:00'),
(190, 'Ika South', 10, 'yes', '0000-00-00 00:00:00', '0000-00-00 00:00:00'),
(191, 'Ika North-East', 10, 'yes', '0000-00-00 00:00:00', '0000-00-00 00:00:00'),
(192, 'Ndokwa West', 10, 'yes', '0000-00-00 00:00:00', '0000-00-00 00:00:00'),
(193, 'Ndokwa East', 10, 'yes', '0000-00-00 00:00:00', '0000-00-00 00:00:00'),
(194, 'Isoko south', 10, 'yes', '0000-00-00 00:00:00', '0000-00-00 00:00:00'),
(195, 'Isoko North', 10, 'yes', '0000-00-00 00:00:00', '0000-00-00 00:00:00'),
(196, 'Bomadi', 10, 'yes', '0000-00-00 00:00:00', '0000-00-00 00:00:00'),
(197, 'Burutu', 10, 'yes', '0000-00-00 00:00:00', '0000-00-00 00:00:00'),
(198, 'Ughelli South', 10, 'yes', '0000-00-00 00:00:00', '0000-00-00 00:00:00'),
(199, 'Ughelli North', 10, 'yes', '0000-00-00 00:00:00', '0000-00-00 00:00:00'),
(200, 'Ethiope West', 10, 'yes', '0000-00-00 00:00:00', '0000-00-00 00:00:00'),
(201, 'Ethiope East', 10, 'yes', '0000-00-00 00:00:00', '0000-00-00 00:00:00'),
(202, 'Sapele', 10, 'yes', '0000-00-00 00:00:00', '0000-00-00 00:00:00'),
(203, 'Okpe', 10, 'yes', '0000-00-00 00:00:00', '0000-00-00 00:00:00'),
(204, 'Warri North', 10, 'yes', '0000-00-00 00:00:00', '0000-00-00 00:00:00'),
(205, 'Warri South', 10, 'yes', '0000-00-00 00:00:00', '0000-00-00 00:00:00'),
(206, 'Warri-south-west', 10, 'yes', '0000-00-00 00:00:00', '0000-00-00 00:00:00'),
(207, 'Uvwie', 10, 'yes', '0000-00-00 00:00:00', '0000-00-00 00:00:00'),
(208, 'Udu', 10, 'yes', '0000-00-00 00:00:00', '0000-00-00 00:00:00'),
(209, 'Warri Central', 10, 'yes', '0000-00-00 00:00:00', '0000-00-00 00:00:00'),
(210, 'Ukwani', 10, 'yes', '0000-00-00 00:00:00', '0000-00-00 00:00:00'),
(211, 'Oshimili North', 10, 'yes', '0000-00-00 00:00:00', '0000-00-00 00:00:00'),
(212, 'Patani', 10, 'yes', '0000-00-00 00:00:00', '0000-00-00 00:00:00'),
(213, 'Abakaliki', 11, 'yes', '0000-00-00 00:00:00', '0000-00-00 00:00:00'),
(214, 'Afikpo South', 11, 'yes', '0000-00-00 00:00:00', '0000-00-00 00:00:00'),
(215, 'Afikpo North', 11, 'yes', '0000-00-00 00:00:00', '0000-00-00 00:00:00'),
(216, 'Onicha', 11, 'yes', '0000-00-00 00:00:00', '0000-00-00 00:00:00'),
(217, 'Ohaozara', 11, 'yes', '0000-00-00 00:00:00', '0000-00-00 00:00:00'),
(218, 'Ishielu', 11, 'yes', '0000-00-00 00:00:00', '0000-00-00 00:00:00'),
(219, 'lkwo', 11, 'yes', '0000-00-00 00:00:00', '0000-00-00 00:00:00'),
(220, 'Ezza North', 11, 'yes', '0000-00-00 00:00:00', '0000-00-00 00:00:00'),
(221, 'Ezza South', 11, 'yes', '0000-00-00 00:00:00', '0000-00-00 00:00:00'),
(222, 'Ohaukwu', 11, 'yes', '0000-00-00 00:00:00', '0000-00-00 00:00:00'),
(223, 'Ebonyi LG', 11, 'yes', '0000-00-00 00:00:00', '0000-00-00 00:00:00'),
(224, 'Ivo', 11, 'yes', '0000-00-00 00:00:00', '0000-00-00 00:00:00'),
(225, 'Izzi', 11, 'yes', '0000-00-00 00:00:00', '0000-00-00 00:00:00'),
(226, 'Esan North-East', 12, 'yes', '0000-00-00 00:00:00', '0000-00-00 00:00:00'),
(227, 'Esan Central', 12, 'yes', '0000-00-00 00:00:00', '0000-00-00 00:00:00'),
(228, 'Esan West', 12, 'yes', '0000-00-00 00:00:00', '0000-00-00 00:00:00'),
(229, 'Egor', 12, 'yes', '0000-00-00 00:00:00', '0000-00-00 00:00:00'),
(230, 'Ukpoba Central', 12, 'yes', '0000-00-00 00:00:00', '0000-00-00 00:00:00'),
(231, 'Etsako Central', 12, 'yes', '0000-00-00 00:00:00', '0000-00-00 00:00:00'),
(232, 'Igueben', 12, 'yes', '0000-00-00 00:00:00', '0000-00-00 00:00:00'),
(233, 'Oredo', 12, 'yes', '0000-00-00 00:00:00', '0000-00-00 00:00:00'),
(234, 'Ovia South-West', 12, 'yes', '0000-00-00 00:00:00', '0000-00-00 00:00:00'),
(235, 'Ovia North East', 12, 'yes', '0000-00-00 00:00:00', '0000-00-00 00:00:00'),
(236, 'Ikpoba Okha', 12, 'yes', '0000-00-00 00:00:00', '0000-00-00 00:00:00'),
(237, 'Owan West', 12, 'yes', '0000-00-00 00:00:00', '0000-00-00 00:00:00'),
(238, 'Orhionwon', 12, 'yes', '0000-00-00 00:00:00', '0000-00-00 00:00:00'),
(239, 'Uhunmwonde', 12, 'yes', '0000-00-00 00:00:00', '0000-00-00 00:00:00'),
(240, 'Etsako East', 12, 'yes', '0000-00-00 00:00:00', '0000-00-00 00:00:00'),
(241, 'Esan South-East', 12, 'yes', '0000-00-00 00:00:00', '0000-00-00 00:00:00'),
(242, 'Akoko Edo', 12, 'yes', '0000-00-00 00:00:00', '0000-00-00 00:00:00'),
(243, 'Etsako West', 12, 'yes', '0000-00-00 00:00:00', '0000-00-00 00:00:00'),
(244, 'Owan East', 12, 'yes', '0000-00-00 00:00:00', '0000-00-00 00:00:00'),
(245, 'Enugu East', 13, 'yes', '0000-00-00 00:00:00', '0000-00-00 00:00:00'),
(246, 'Enugu South', 13, 'yes', '0000-00-00 00:00:00', '0000-00-00 00:00:00'),
(247, 'Igbo-Eze South', 13, 'yes', '0000-00-00 00:00:00', '0000-00-00 00:00:00'),
(248, 'Enugu North', 13, 'yes', '0000-00-00 00:00:00', '0000-00-00 00:00:00'),
(249, 'Nkanu West', 13, 'yes', '0000-00-00 00:00:00', '0000-00-00 00:00:00'),
(250, 'Udi Agwu', 13, 'yes', '0000-00-00 00:00:00', '0000-00-00 00:00:00'),
(251, 'Oji-River', 13, 'yes', '0000-00-00 00:00:00', '0000-00-00 00:00:00'),
(252, 'Ezeagu', 13, 'yes', '0000-00-00 00:00:00', '0000-00-00 00:00:00'),
(253, 'IgboEze North', 13, 'yes', '0000-00-00 00:00:00', '0000-00-00 00:00:00'),
(254, 'Isi-Uzo', 13, 'yes', '0000-00-00 00:00:00', '0000-00-00 00:00:00'),
(255, 'Nsukka', 13, 'yes', '0000-00-00 00:00:00', '0000-00-00 00:00:00'),
(256, 'Igbo-Ekiti', 13, 'yes', '0000-00-00 00:00:00', '0000-00-00 00:00:00'),
(257, 'Uzo-Uwani', 13, 'yes', '0000-00-00 00:00:00', '0000-00-00 00:00:00'),
(258, 'Aninri', 13, 'yes', '0000-00-00 00:00:00', '0000-00-00 00:00:00'),
(259, 'Nkanu East', 13, 'yes', '0000-00-00 00:00:00', '0000-00-00 00:00:00'),
(260, 'Udenu', 13, 'yes', '0000-00-00 00:00:00', '0000-00-00 00:00:00'),
(261, 'Awgu', 13, 'yes', '0000-00-00 00:00:00', '0000-00-00 00:00:00'),
(262, 'Akko', 14, 'yes', '0000-00-00 00:00:00', '0000-00-00 00:00:00'),
(263, 'Balanga', 14, 'yes', '0000-00-00 00:00:00', '0000-00-00 00:00:00'),
(264, 'Billiri', 14, 'yes', '0000-00-00 00:00:00', '0000-00-00 00:00:00'),
(265, 'Dukku', 14, 'yes', '0000-00-00 00:00:00', '0000-00-00 00:00:00'),
(266, 'Kaltungo', 14, 'yes', '0000-00-00 00:00:00', '0000-00-00 00:00:00'),
(267, 'Kwami', 14, 'yes', '0000-00-00 00:00:00', '0000-00-00 00:00:00'),
(268, 'Shomgom', 14, 'yes', '0000-00-00 00:00:00', '0000-00-00 00:00:00'),
(269, 'Funakaye', 14, 'yes', '0000-00-00 00:00:00', '0000-00-00 00:00:00'),
(270, 'Gombe LG', 14, 'yes', '0000-00-00 00:00:00', '0000-00-00 00:00:00'),
(271, 'Nafada/Bajoga', 14, 'yes', '0000-00-00 00:00:00', '0000-00-00 00:00:00'),
(272, 'Yamaltu/Delta', 14, 'yes', '0000-00-00 00:00:00', '0000-00-00 00:00:00'),
(273, 'Aboh-Mbaise', 15, 'yes', '0000-00-00 00:00:00', '0000-00-00 00:00:00'),
(274, 'Ahiazu-Mbaise', 15, 'yes', '0000-00-00 00:00:00', '0000-00-00 00:00:00'),
(275, 'Ehime-Mbano', 15, 'yes', '0000-00-00 00:00:00', '0000-00-00 00:00:00'),
(276, 'Ezinihitte-Mbaise', 15, 'yes', '0000-00-00 00:00:00', '0000-00-00 00:00:00'),
(277, 'Ideato North', 15, 'yes', '0000-00-00 00:00:00', '0000-00-00 00:00:00'),
(278, 'Ideato South', 15, 'yes', '0000-00-00 00:00:00', '0000-00-00 00:00:00'),
(279, 'Ihitte/Uboma', 15, 'yes', '0000-00-00 00:00:00', '0000-00-00 00:00:00'),
(280, 'Ikeduru', 15, 'yes', '0000-00-00 00:00:00', '0000-00-00 00:00:00'),
(281, 'Isiala Mbano', 15, 'yes', '0000-00-00 00:00:00', '0000-00-00 00:00:00'),
(282, 'Isu', 15, 'yes', '0000-00-00 00:00:00', '0000-00-00 00:00:00'),
(283, 'Mbaitoli', 15, 'yes', '0000-00-00 00:00:00', '0000-00-00 00:00:00'),
(284, 'Ngor-Okpala', 15, 'yes', '0000-00-00 00:00:00', '0000-00-00 00:00:00'),
(285, 'Njaba', 15, 'yes', '0000-00-00 00:00:00', '0000-00-00 00:00:00'),
(286, 'Nwangele', 15, 'yes', '0000-00-00 00:00:00', '0000-00-00 00:00:00'),
(287, 'Nkwerre', 15, 'yes', '0000-00-00 00:00:00', '0000-00-00 00:00:00'),
(288, 'Obowo', 15, 'yes', '0000-00-00 00:00:00', '0000-00-00 00:00:00'),
(289, 'Oguta', 15, 'yes', '0000-00-00 00:00:00', '0000-00-00 00:00:00'),
(290, 'Ohaji/Egbema', 15, 'yes', '0000-00-00 00:00:00', '0000-00-00 00:00:00'),
(291, 'Okigwe', 15, 'yes', '0000-00-00 00:00:00', '0000-00-00 00:00:00'),
(292, 'Orlu', 15, 'yes', '0000-00-00 00:00:00', '0000-00-00 00:00:00'),
(293, 'Orsu', 15, 'yes', '0000-00-00 00:00:00', '0000-00-00 00:00:00'),
(294, 'Oru East', 15, 'yes', '0000-00-00 00:00:00', '0000-00-00 00:00:00'),
(295, 'Oru West', 15, 'yes', '0000-00-00 00:00:00', '0000-00-00 00:00:00'),
(296, 'Owerri-Municipal', 15, 'yes', '0000-00-00 00:00:00', '0000-00-00 00:00:00'),
(297, 'Owerri North', 15, 'yes', '0000-00-00 00:00:00', '0000-00-00 00:00:00'),
(298, 'Owerri West', 15, 'yes', '0000-00-00 00:00:00', '0000-00-00 00:00:00'),
(299, 'Unuimo', 15, 'yes', '0000-00-00 00:00:00', '0000-00-00 00:00:00'),
(300, 'Auyo', 16, 'yes', '0000-00-00 00:00:00', '0000-00-00 00:00:00'),
(301, 'Babura', 16, 'yes', '0000-00-00 00:00:00', '0000-00-00 00:00:00'),
(302, 'Birni Kudu', 16, 'yes', '0000-00-00 00:00:00', '0000-00-00 00:00:00'),
(303, 'Biriniwa', 16, 'yes', '0000-00-00 00:00:00', '0000-00-00 00:00:00'),
(304, 'Buji', 16, 'yes', '0000-00-00 00:00:00', '0000-00-00 00:00:00'),
(305, 'Dutse', 16, 'yes', '0000-00-00 00:00:00', '0000-00-00 00:00:00'),
(306, 'Gagarawa', 16, 'yes', '0000-00-00 00:00:00', '0000-00-00 00:00:00'),
(307, 'Garki', 16, 'yes', '0000-00-00 00:00:00', '0000-00-00 00:00:00'),
(308, 'Gumel', 16, 'yes', '0000-00-00 00:00:00', '0000-00-00 00:00:00'),
(309, 'Guri', 16, 'yes', '0000-00-00 00:00:00', '0000-00-00 00:00:00'),
(310, 'Gwaram', 16, 'yes', '0000-00-00 00:00:00', '0000-00-00 00:00:00'),
(311, 'Gwiwa', 16, 'yes', '0000-00-00 00:00:00', '0000-00-00 00:00:00'),
(312, 'Hadejia', 16, 'yes', '0000-00-00 00:00:00', '0000-00-00 00:00:00'),
(313, 'Jahun', 16, 'yes', '0000-00-00 00:00:00', '0000-00-00 00:00:00'),
(314, 'Kafin Hausa', 16, 'yes', '0000-00-00 00:00:00', '0000-00-00 00:00:00'),
(315, 'Kaugama Kazaure', 16, 'yes', '0000-00-00 00:00:00', '0000-00-00 00:00:00'),
(316, 'Kazaure', 16, 'yes', '0000-00-00 00:00:00', '0000-00-00 00:00:00'),
(317, 'Kiri Kasamma', 16, 'yes', '0000-00-00 00:00:00', '0000-00-00 00:00:00'),
(318, 'Maigatari', 16, 'yes', '0000-00-00 00:00:00', '0000-00-00 00:00:00'),
(319, 'Malam Madori', 16, 'yes', '0000-00-00 00:00:00', '0000-00-00 00:00:00'),
(320, 'Miga', 16, 'yes', '0000-00-00 00:00:00', '0000-00-00 00:00:00'),
(321, 'Ringim', 16, 'yes', '0000-00-00 00:00:00', '0000-00-00 00:00:00'),
(322, 'Roni', 16, 'yes', '0000-00-00 00:00:00', '0000-00-00 00:00:00'),
(323, 'Sule-Tankarkar', 16, 'yes', '0000-00-00 00:00:00', '0000-00-00 00:00:00'),
(324, 'Taura', 16, 'yes', '0000-00-00 00:00:00', '0000-00-00 00:00:00'),
(325, 'Yankwashi', 16, 'yes', '0000-00-00 00:00:00', '0000-00-00 00:00:00'),
(326, 'Birni-Gwari', 17, 'yes', '0000-00-00 00:00:00', '0000-00-00 00:00:00'),
(327, 'Chikun', 17, 'yes', '0000-00-00 00:00:00', '0000-00-00 00:00:00'),
(328, 'Giwa', 17, 'yes', '0000-00-00 00:00:00', '0000-00-00 00:00:00'),
(329, 'Igabi', 17, 'yes', '0000-00-00 00:00:00', '0000-00-00 00:00:00'),
(330, 'Ikara', 17, 'yes', '0000-00-00 00:00:00', '0000-00-00 00:00:00'),
(331, 'Jaba', 17, 'yes', '0000-00-00 00:00:00', '0000-00-00 00:00:00'),
(332, 'Jema\'a', 17, 'yes', '0000-00-00 00:00:00', '0000-00-00 00:00:00'),
(333, 'Kachia', 17, 'yes', '0000-00-00 00:00:00', '0000-00-00 00:00:00'),
(334, 'Kaduna North', 17, 'yes', '0000-00-00 00:00:00', '0000-00-00 00:00:00'),
(335, 'Kaduna South', 17, 'yes', '0000-00-00 00:00:00', '0000-00-00 00:00:00'),
(336, 'Kagarko', 17, 'yes', '0000-00-00 00:00:00', '0000-00-00 00:00:00'),
(337, 'Kajuru', 17, 'yes', '0000-00-00 00:00:00', '0000-00-00 00:00:00'),
(338, 'Kaura', 17, 'yes', '0000-00-00 00:00:00', '0000-00-00 00:00:00'),
(339, 'Kudan', 17, 'yes', '0000-00-00 00:00:00', '0000-00-00 00:00:00'),
(340, 'Kubau', 17, 'yes', '0000-00-00 00:00:00', '0000-00-00 00:00:00'),
(341, 'Lere', 17, 'yes', '0000-00-00 00:00:00', '0000-00-00 00:00:00'),
(342, 'Makarfi', 17, 'yes', '0000-00-00 00:00:00', '0000-00-00 00:00:00'),
(343, 'Sabon-Gari', 17, 'yes', '0000-00-00 00:00:00', '0000-00-00 00:00:00'),
(344, 'Sanga', 17, 'yes', '0000-00-00 00:00:00', '0000-00-00 00:00:00'),
(345, 'Soba', 17, 'yes', '0000-00-00 00:00:00', '0000-00-00 00:00:00'),
(346, 'Zango-Kataf', 17, 'yes', '0000-00-00 00:00:00', '0000-00-00 00:00:00'),
(347, 'Zaria', 17, 'yes', '0000-00-00 00:00:00', '0000-00-00 00:00:00'),
(348, 'Kaugama Kazaure', 17, 'yes', '0000-00-00 00:00:00', '0000-00-00 00:00:00'),
(349, 'Kiyawa', 17, 'yes', '0000-00-00 00:00:00', '0000-00-00 00:00:00'),
(350, 'Ajingi', 18, 'yes', '0000-00-00 00:00:00', '0000-00-00 00:00:00'),
(351, 'Albasu', 18, 'yes', '0000-00-00 00:00:00', '0000-00-00 00:00:00'),
(352, 'Bagwai', 18, 'yes', '0000-00-00 00:00:00', '0000-00-00 00:00:00'),
(353, 'Bebeji', 18, 'yes', '0000-00-00 00:00:00', '0000-00-00 00:00:00'),
(354, 'Bichi', 18, 'yes', '0000-00-00 00:00:00', '0000-00-00 00:00:00'),
(355, 'Bunkure', 18, 'yes', '0000-00-00 00:00:00', '0000-00-00 00:00:00'),
(356, 'Dala', 18, 'yes', '0000-00-00 00:00:00', '0000-00-00 00:00:00'),
(357, 'Dambatta', 18, 'yes', '0000-00-00 00:00:00', '0000-00-00 00:00:00'),
(358, 'Dawakin Kudu', 18, 'yes', '0000-00-00 00:00:00', '0000-00-00 00:00:00'),
(359, 'Dawakin Tofa', 18, 'yes', '0000-00-00 00:00:00', '0000-00-00 00:00:00'),
(360, 'Doguwa', 18, 'yes', '0000-00-00 00:00:00', '0000-00-00 00:00:00'),
(361, 'Fagge', 18, 'yes', '0000-00-00 00:00:00', '0000-00-00 00:00:00'),
(362, 'Gabasawa', 18, 'yes', '0000-00-00 00:00:00', '0000-00-00 00:00:00'),
(363, 'Garko', 18, 'yes', '0000-00-00 00:00:00', '0000-00-00 00:00:00'),
(364, 'Garum Mallam', 18, 'yes', '0000-00-00 00:00:00', '0000-00-00 00:00:00'),
(365, 'Gaya', 18, 'yes', '0000-00-00 00:00:00', '0000-00-00 00:00:00'),
(366, 'Gezawa', 18, 'yes', '0000-00-00 00:00:00', '0000-00-00 00:00:00'),
(367, 'Gwale', 18, 'yes', '0000-00-00 00:00:00', '0000-00-00 00:00:00'),
(368, 'Gwarzo', 18, 'yes', '0000-00-00 00:00:00', '0000-00-00 00:00:00'),
(369, 'Kabo', 18, 'yes', '0000-00-00 00:00:00', '0000-00-00 00:00:00'),
(370, 'Kano Municipal', 18, 'yes', '0000-00-00 00:00:00', '0000-00-00 00:00:00'),
(371, 'Karaye', 18, 'yes', '0000-00-00 00:00:00', '0000-00-00 00:00:00'),
(372, 'Kibiya', 18, 'yes', '0000-00-00 00:00:00', '0000-00-00 00:00:00'),
(373, 'Kiru', 18, 'yes', '0000-00-00 00:00:00', '0000-00-00 00:00:00'),
(374, 'Kumbotso', 18, 'yes', '0000-00-00 00:00:00', '0000-00-00 00:00:00'),
(375, 'Kunchi', 18, 'yes', '0000-00-00 00:00:00', '0000-00-00 00:00:00'),
(376, 'Kura', 18, 'yes', '0000-00-00 00:00:00', '0000-00-00 00:00:00'),
(377, 'Madobi', 18, 'yes', '0000-00-00 00:00:00', '0000-00-00 00:00:00'),
(378, 'Makoda', 18, 'yes', '0000-00-00 00:00:00', '0000-00-00 00:00:00'),
(379, 'Minjibir', 18, 'yes', '0000-00-00 00:00:00', '0000-00-00 00:00:00'),
(380, 'Nasarawa', 18, 'yes', '0000-00-00 00:00:00', '0000-00-00 00:00:00'),
(381, 'Rano', 18, 'yes', '0000-00-00 00:00:00', '0000-00-00 00:00:00'),
(382, 'Rimin Gado', 18, 'yes', '0000-00-00 00:00:00', '0000-00-00 00:00:00'),
(383, 'Rogo', 18, 'yes', '0000-00-00 00:00:00', '0000-00-00 00:00:00'),
(384, 'Shanono', 18, 'yes', '0000-00-00 00:00:00', '0000-00-00 00:00:00'),
(385, 'Sumaila', 18, 'yes', '0000-00-00 00:00:00', '0000-00-00 00:00:00'),
(386, 'Takali', 18, 'yes', '0000-00-00 00:00:00', '0000-00-00 00:00:00'),
(387, 'Tarauni', 18, 'yes', '0000-00-00 00:00:00', '0000-00-00 00:00:00'),
(388, 'Tofa', 18, 'yes', '0000-00-00 00:00:00', '0000-00-00 00:00:00'),
(389, 'Tsanyawa', 18, 'yes', '0000-00-00 00:00:00', '0000-00-00 00:00:00'),
(390, 'Tudun Wada', 18, 'yes', '0000-00-00 00:00:00', '0000-00-00 00:00:00'),
(391, 'Ungogo', 18, 'yes', '0000-00-00 00:00:00', '0000-00-00 00:00:00'),
(392, 'Warawa', 18, 'yes', '0000-00-00 00:00:00', '0000-00-00 00:00:00'),
(393, 'Wudil', 18, 'yes', '0000-00-00 00:00:00', '0000-00-00 00:00:00'),
(394, 'Kano LG', 18, 'yes', '0000-00-00 00:00:00', '0000-00-00 00:00:00'),
(395, 'Kudan', 18, 'yes', '0000-00-00 00:00:00', '0000-00-00 00:00:00'),
(396, 'Bakori', 19, 'yes', '0000-00-00 00:00:00', '0000-00-00 00:00:00'),
(397, 'Batagarawa', 19, 'yes', '0000-00-00 00:00:00', '0000-00-00 00:00:00'),
(398, 'Batsari', 19, 'yes', '0000-00-00 00:00:00', '0000-00-00 00:00:00'),
(399, 'Baure', 19, 'yes', '0000-00-00 00:00:00', '0000-00-00 00:00:00'),
(400, 'Bindawa', 19, 'yes', '0000-00-00 00:00:00', '0000-00-00 00:00:00'),
(401, 'Charanchi', 19, 'yes', '0000-00-00 00:00:00', '0000-00-00 00:00:00'),
(402, 'Dandume', 19, 'yes', '0000-00-00 00:00:00', '0000-00-00 00:00:00'),
(403, 'Danja', 19, 'yes', '0000-00-00 00:00:00', '0000-00-00 00:00:00'),
(404, 'Dan Musa', 19, 'yes', '0000-00-00 00:00:00', '0000-00-00 00:00:00'),
(405, 'Daura', 19, 'yes', '0000-00-00 00:00:00', '0000-00-00 00:00:00'),
(406, 'Dutsi', 19, 'yes', '0000-00-00 00:00:00', '0000-00-00 00:00:00'),
(407, 'Dutsin-Ma', 19, 'yes', '0000-00-00 00:00:00', '0000-00-00 00:00:00'),
(408, 'Faskari', 19, 'yes', '0000-00-00 00:00:00', '0000-00-00 00:00:00'),
(409, 'Funtua', 19, 'yes', '0000-00-00 00:00:00', '0000-00-00 00:00:00'),
(410, 'Ingawa', 19, 'yes', '0000-00-00 00:00:00', '0000-00-00 00:00:00'),
(411, 'Jibia', 19, 'yes', '0000-00-00 00:00:00', '0000-00-00 00:00:00'),
(412, 'Kafur', 19, 'yes', '0000-00-00 00:00:00', '0000-00-00 00:00:00'),
(413, 'Kaita', 19, 'yes', '0000-00-00 00:00:00', '0000-00-00 00:00:00'),
(414, 'Kankara', 19, 'yes', '0000-00-00 00:00:00', '0000-00-00 00:00:00'),
(415, 'Kankia', 19, 'yes', '0000-00-00 00:00:00', '0000-00-00 00:00:00'),
(416, 'Katsina LG', 19, 'yes', '0000-00-00 00:00:00', '0000-00-00 00:00:00'),
(417, 'Kurfi', 19, 'yes', '0000-00-00 00:00:00', '0000-00-00 00:00:00'),
(418, 'Kusada', 19, 'yes', '0000-00-00 00:00:00', '0000-00-00 00:00:00'),
(419, 'Mai\'Adua', 19, 'yes', '0000-00-00 00:00:00', '0000-00-00 00:00:00'),
(420, 'Malumfashi', 19, 'yes', '0000-00-00 00:00:00', '0000-00-00 00:00:00'),
(421, 'Mani', 19, 'yes', '0000-00-00 00:00:00', '0000-00-00 00:00:00'),
(422, 'Mashi', 19, 'yes', '0000-00-00 00:00:00', '0000-00-00 00:00:00'),
(423, 'Matazuu', 19, 'yes', '0000-00-00 00:00:00', '0000-00-00 00:00:00'),
(424, 'Musawa', 19, 'yes', '0000-00-00 00:00:00', '0000-00-00 00:00:00'),
(425, 'Rimi', 19, 'yes', '0000-00-00 00:00:00', '0000-00-00 00:00:00'),
(426, 'Sabuwa', 19, 'yes', '0000-00-00 00:00:00', '0000-00-00 00:00:00'),
(427, 'Safana', 19, 'yes', '0000-00-00 00:00:00', '0000-00-00 00:00:00'),
(428, 'Sandamu', 19, 'yes', '0000-00-00 00:00:00', '0000-00-00 00:00:00'),
(429, 'Zango', 19, 'yes', '0000-00-00 00:00:00', '0000-00-00 00:00:00'),
(430, 'Aleiro', 20, 'yes', '0000-00-00 00:00:00', '0000-00-00 00:00:00'),
(432, 'Arewa-Dandi', 20, 'yes', '0000-00-00 00:00:00', '0000-00-00 00:00:00'),
(433, 'Argungu', 20, 'yes', '0000-00-00 00:00:00', '0000-00-00 00:00:00'),
(434, 'Augie', 20, 'yes', '0000-00-00 00:00:00', '0000-00-00 00:00:00'),
(435, 'Bagudo', 20, 'yes', '0000-00-00 00:00:00', '0000-00-00 00:00:00'),
(436, 'Birnin Kebbi', 20, 'yes', '0000-00-00 00:00:00', '0000-00-00 00:00:00'),
(437, 'Bunza', 20, 'yes', '0000-00-00 00:00:00', '0000-00-00 00:00:00'),
(438, 'Dandi', 20, 'yes', '0000-00-00 00:00:00', '0000-00-00 00:00:00'),
(439, 'Fakai', 20, 'yes', '0000-00-00 00:00:00', '0000-00-00 00:00:00'),
(440, 'Gwandu', 20, 'yes', '0000-00-00 00:00:00', '0000-00-00 00:00:00'),
(441, 'Jega', 20, 'yes', '0000-00-00 00:00:00', '0000-00-00 00:00:00'),
(442, 'Kalgo', 20, 'yes', '0000-00-00 00:00:00', '0000-00-00 00:00:00'),
(443, 'Koko/Besse', 20, 'yes', '0000-00-00 00:00:00', '0000-00-00 00:00:00'),
(444, 'Maiyama', 20, 'yes', '0000-00-00 00:00:00', '0000-00-00 00:00:00'),
(445, 'Ngaski', 20, 'yes', '0000-00-00 00:00:00', '0000-00-00 00:00:00'),
(446, 'Sakaba', 20, 'yes', '0000-00-00 00:00:00', '0000-00-00 00:00:00'),
(447, 'Shanga', 20, 'yes', '0000-00-00 00:00:00', '0000-00-00 00:00:00'),
(448, 'Suru', 20, 'yes', '0000-00-00 00:00:00', '0000-00-00 00:00:00'),
(449, 'Wasagu/Danko', 20, 'yes', '0000-00-00 00:00:00', '0000-00-00 00:00:00'),
(450, 'Yauri', 20, 'yes', '0000-00-00 00:00:00', '0000-00-00 00:00:00'),
(451, 'Zuru', 20, 'yes', '0000-00-00 00:00:00', '0000-00-00 00:00:00'),
(452, 'Ajaokuta', 21, 'yes', '0000-00-00 00:00:00', '0000-00-00 00:00:00'),
(453, 'Ankpa', 21, 'yes', '0000-00-00 00:00:00', '0000-00-00 00:00:00'),
(454, 'Bassa', 21, 'yes', '0000-00-00 00:00:00', '0000-00-00 00:00:00'),
(455, 'Dekina', 21, 'yes', '0000-00-00 00:00:00', '0000-00-00 00:00:00'),
(456, 'Ibaji', 21, 'yes', '0000-00-00 00:00:00', '0000-00-00 00:00:00'),
(457, 'Idah', 21, 'yes', '0000-00-00 00:00:00', '0000-00-00 00:00:00'),
(458, 'Igalamela-Odolu', 21, 'yes', '0000-00-00 00:00:00', '0000-00-00 00:00:00'),
(459, 'Ijumu', 21, 'yes', '0000-00-00 00:00:00', '0000-00-00 00:00:00'),
(460, 'Ijumu Kabba/Bunu', 21, 'yes', '0000-00-00 00:00:00', '0000-00-00 00:00:00'),
(461, 'Kogi LG', 21, 'yes', '0000-00-00 00:00:00', '0000-00-00 00:00:00'),
(462, 'Lokoja', 21, 'yes', '0000-00-00 00:00:00', '0000-00-00 00:00:00'),
(463, 'Mopa-Muro', 21, 'yes', '0000-00-00 00:00:00', '0000-00-00 00:00:00'),
(464, 'Ofu', 21, 'yes', '0000-00-00 00:00:00', '0000-00-00 00:00:00'),
(465, 'Ogori/Mangongo', 21, 'yes', '0000-00-00 00:00:00', '0000-00-00 00:00:00'),
(466, 'Okehi', 21, 'yes', '0000-00-00 00:00:00', '0000-00-00 00:00:00'),
(467, 'Okene', 21, 'yes', '0000-00-00 00:00:00', '0000-00-00 00:00:00'),
(468, 'Olamabolo', 21, 'yes', '0000-00-00 00:00:00', '0000-00-00 00:00:00'),
(469, 'Omala', 21, 'yes', '0000-00-00 00:00:00', '0000-00-00 00:00:00'),
(470, 'Yagba East', 21, 'yes', '0000-00-00 00:00:00', '0000-00-00 00:00:00'),
(471, 'Yagba West', 21, 'yes', '0000-00-00 00:00:00', '0000-00-00 00:00:00'),
(472, 'Asa', 22, 'yes', '0000-00-00 00:00:00', '0000-00-00 00:00:00'),
(473, 'Baruten', 22, 'yes', '0000-00-00 00:00:00', '0000-00-00 00:00:00'),
(474, 'Edu', 22, 'yes', '0000-00-00 00:00:00', '0000-00-00 00:00:00'),
(475, 'Ekiti LG', 22, 'yes', '0000-00-00 00:00:00', '0000-00-00 00:00:00'),
(476, 'Ifelodun', 22, 'yes', '0000-00-00 00:00:00', '0000-00-00 00:00:00'),
(477, 'Ilorin East', 22, 'yes', '0000-00-00 00:00:00', '0000-00-00 00:00:00'),
(478, 'Ilorin West', 22, 'yes', '0000-00-00 00:00:00', '0000-00-00 00:00:00'),
(479, 'Ilorin-south', 22, 'yes', '0000-00-00 00:00:00', '0000-00-00 00:00:00'),
(480, 'Irepodun', 22, 'yes', '0000-00-00 00:00:00', '0000-00-00 00:00:00'),
(481, 'Isin', 22, 'yes', '0000-00-00 00:00:00', '0000-00-00 00:00:00'),
(482, 'Kaiama', 22, 'yes', '0000-00-00 00:00:00', '0000-00-00 00:00:00'),
(483, 'Moro', 22, 'yes', '0000-00-00 00:00:00', '0000-00-00 00:00:00'),
(484, 'Offa', 22, 'yes', '0000-00-00 00:00:00', '0000-00-00 00:00:00'),
(485, 'Oke-Ero', 22, 'yes', '0000-00-00 00:00:00', '0000-00-00 00:00:00'),
(486, 'Oyun', 22, 'yes', '0000-00-00 00:00:00', '0000-00-00 00:00:00'),
(487, 'Pategi', 22, 'yes', '0000-00-00 00:00:00', '0000-00-00 00:00:00'),
(488, 'Agege', 23, 'yes', '0000-00-00 00:00:00', '0000-00-00 00:00:00'),
(489, 'Ajeromi-Ifelodun', 23, 'yes', '0000-00-00 00:00:00', '0000-00-00 00:00:00'),
(490, 'Alimosho', 23, 'yes', '0000-00-00 00:00:00', '0000-00-00 00:00:00'),
(491, 'Amuwo-Odofin', 23, 'yes', '0000-00-00 00:00:00', '0000-00-00 00:00:00'),
(492, 'Apapa', 23, 'yes', '0000-00-00 00:00:00', '0000-00-00 00:00:00'),
(493, 'Badagry', 23, 'yes', '0000-00-00 00:00:00', '0000-00-00 00:00:00'),
(494, 'Bariga', 23, 'yes', '0000-00-00 00:00:00', '0000-00-00 00:00:00'),
(495, 'Epe', 23, 'yes', '0000-00-00 00:00:00', '0000-00-00 00:00:00'),
(496, 'Eti-Osa', 23, 'yes', '0000-00-00 00:00:00', '0000-00-00 00:00:00'),
(497, 'Ibeju Lekki', 23, 'yes', '0000-00-00 00:00:00', '0000-00-00 00:00:00'),
(498, 'Ifako-Ijaye', 23, 'yes', '0000-00-00 00:00:00', '0000-00-00 00:00:00'),
(499, 'Ikeja', 23, 'yes', '0000-00-00 00:00:00', '0000-00-00 00:00:00'),
(500, 'Ikorodu', 23, 'yes', '0000-00-00 00:00:00', '0000-00-00 00:00:00'),
(501, 'Kosofe', 23, 'yes', '0000-00-00 00:00:00', '0000-00-00 00:00:00'),
(502, 'Magodo Isheri', 23, 'yes', '0000-00-00 00:00:00', '0000-00-00 00:00:00'),
(503, 'Lagos Island', 23, 'yes', '0000-00-00 00:00:00', '0000-00-00 00:00:00'),
(504, 'Lagos Mainland', 23, 'yes', '0000-00-00 00:00:00', '0000-00-00 00:00:00'),
(505, 'Mushin', 23, 'yes', '0000-00-00 00:00:00', '0000-00-00 00:00:00'),
(506, 'Ojo', 23, 'yes', '0000-00-00 00:00:00', '0000-00-00 00:00:00'),
(507, 'Oshodi-Isolo', 23, 'yes', '0000-00-00 00:00:00', '0000-00-00 00:00:00'),
(508, 'Shomolu', 23, 'yes', '0000-00-00 00:00:00', '0000-00-00 00:00:00'),
(509, 'Surulere', 23, 'yes', '0000-00-00 00:00:00', '0000-00-00 00:00:00'),
(510, 'Akwanga', 24, 'yes', '0000-00-00 00:00:00', '0000-00-00 00:00:00'),
(511, 'Awe', 24, 'yes', '0000-00-00 00:00:00', '0000-00-00 00:00:00'),
(512, 'Doma', 24, 'yes', '0000-00-00 00:00:00', '0000-00-00 00:00:00'),
(513, 'Karu', 24, 'yes', '0000-00-00 00:00:00', '0000-00-00 00:00:00'),
(514, 'Keana', 24, 'yes', '0000-00-00 00:00:00', '0000-00-00 00:00:00'),
(515, 'Keffi', 24, 'yes', '0000-00-00 00:00:00', '0000-00-00 00:00:00'),
(516, 'Kokona', 24, 'yes', '0000-00-00 00:00:00', '0000-00-00 00:00:00'),
(517, 'Lafia', 24, 'yes', '0000-00-00 00:00:00', '0000-00-00 00:00:00'),
(518, 'Nasarawa LG', 24, 'yes', '0000-00-00 00:00:00', '0000-00-00 00:00:00'),
(519, 'Nasarawa-Eggon', 24, 'yes', '0000-00-00 00:00:00', '0000-00-00 00:00:00'),
(520, 'Obi', 24, 'yes', '0000-00-00 00:00:00', '0000-00-00 00:00:00'),
(521, 'Toto', 24, 'yes', '0000-00-00 00:00:00', '0000-00-00 00:00:00'),
(522, 'Wamba', 24, 'yes', '0000-00-00 00:00:00', '0000-00-00 00:00:00'),
(523, 'Agaie', 25, 'yes', '0000-00-00 00:00:00', '0000-00-00 00:00:00'),
(524, 'Agwara', 25, 'yes', '0000-00-00 00:00:00', '0000-00-00 00:00:00'),
(525, 'Bida', 25, 'yes', '0000-00-00 00:00:00', '0000-00-00 00:00:00'),
(526, 'Borgu', 25, 'yes', '0000-00-00 00:00:00', '0000-00-00 00:00:00'),
(527, 'Bosso', 25, 'yes', '0000-00-00 00:00:00', '0000-00-00 00:00:00'),
(528, 'Chanchaga', 25, 'yes', '0000-00-00 00:00:00', '0000-00-00 00:00:00'),
(529, 'Edati', 25, 'yes', '0000-00-00 00:00:00', '0000-00-00 00:00:00'),
(530, 'Gbako', 25, 'yes', '0000-00-00 00:00:00', '0000-00-00 00:00:00'),
(531, 'Gurara', 25, 'yes', '0000-00-00 00:00:00', '0000-00-00 00:00:00'),
(532, 'Katcha', 25, 'yes', '0000-00-00 00:00:00', '0000-00-00 00:00:00'),
(533, 'Kontagora', 25, 'yes', '0000-00-00 00:00:00', '0000-00-00 00:00:00'),
(534, 'Lapai', 25, 'yes', '0000-00-00 00:00:00', '0000-00-00 00:00:00'),
(535, 'Lavun', 25, 'yes', '0000-00-00 00:00:00', '0000-00-00 00:00:00'),
(536, 'Magama', 25, 'yes', '0000-00-00 00:00:00', '0000-00-00 00:00:00'),
(537, 'Mariga', 25, 'yes', '0000-00-00 00:00:00', '0000-00-00 00:00:00'),
(538, 'Mashegu', 25, 'yes', '0000-00-00 00:00:00', '0000-00-00 00:00:00'),
(539, 'Mokwa', 25, 'yes', '0000-00-00 00:00:00', '0000-00-00 00:00:00'),
(540, 'Munya', 25, 'yes', '0000-00-00 00:00:00', '0000-00-00 00:00:00'),
(541, 'Pailoro', 25, 'yes', '0000-00-00 00:00:00', '0000-00-00 00:00:00'),
(542, 'Rafi', 25, 'yes', '0000-00-00 00:00:00', '0000-00-00 00:00:00'),
(543, 'Rijau', 25, 'yes', '0000-00-00 00:00:00', '0000-00-00 00:00:00'),
(544, 'Shiroro', 25, 'yes', '0000-00-00 00:00:00', '0000-00-00 00:00:00'),
(545, 'Suleja', 25, 'yes', '0000-00-00 00:00:00', '0000-00-00 00:00:00'),
(546, 'Tafa', 25, 'yes', '0000-00-00 00:00:00', '0000-00-00 00:00:00'),
(547, 'Wuse', 25, 'yes', '0000-00-00 00:00:00', '0000-00-00 00:00:00'),
(548, 'Wushishi', 25, 'yes', '0000-00-00 00:00:00', '0000-00-00 00:00:00'),
(549, 'Abeokuta North', 26, 'yes', '0000-00-00 00:00:00', '0000-00-00 00:00:00'),
(550, 'Abeokuta South', 26, 'yes', '0000-00-00 00:00:00', '0000-00-00 00:00:00'),
(551, 'Ado-Odo/Ota', 26, 'yes', '0000-00-00 00:00:00', '0000-00-00 00:00:00'),
(552, 'Egbado/Yewa North', 26, 'yes', '0000-00-00 00:00:00', '0000-00-00 00:00:00'),
(553, 'Egbado/Yewa South', 26, 'yes', '0000-00-00 00:00:00', '0000-00-00 00:00:00'),
(554, 'Ewekoro', 26, 'yes', '0000-00-00 00:00:00', '0000-00-00 00:00:00'),
(555, 'Ifo', 26, 'yes', '0000-00-00 00:00:00', '0000-00-00 00:00:00'),
(556, 'Ijebu East', 26, 'yes', '0000-00-00 00:00:00', '0000-00-00 00:00:00'),
(557, 'Ijebu North', 26, 'yes', '0000-00-00 00:00:00', '0000-00-00 00:00:00'),
(558, 'Ijebu North East', 26, 'yes', '0000-00-00 00:00:00', '0000-00-00 00:00:00'),
(559, 'Ijebu Ode', 26, 'yes', '0000-00-00 00:00:00', '0000-00-00 00:00:00'),
(560, 'Ikenne', 26, 'yes', '0000-00-00 00:00:00', '0000-00-00 00:00:00'),
(561, 'Imeko-Afon', 26, 'yes', '0000-00-00 00:00:00', '0000-00-00 00:00:00'),
(562, 'Ipokia', 26, 'yes', '0000-00-00 00:00:00', '0000-00-00 00:00:00'),
(563, 'Obafemi-Owode', 26, 'yes', '0000-00-00 00:00:00', '0000-00-00 00:00:00'),
(564, 'Ogun Waterside', 26, 'yes', '0000-00-00 00:00:00', '0000-00-00 00:00:00'),
(565, 'Odeda', 26, 'yes', '0000-00-00 00:00:00', '0000-00-00 00:00:00'),
(566, 'Odogbolu', 26, 'yes', '0000-00-00 00:00:00', '0000-00-00 00:00:00'),
(567, 'Remo North', 26, 'yes', '0000-00-00 00:00:00', '0000-00-00 00:00:00'),
(568, 'Shagamu', 26, 'yes', '0000-00-00 00:00:00', '0000-00-00 00:00:00'),
(569, 'Akoko North East', 27, 'yes', '0000-00-00 00:00:00', '0000-00-00 00:00:00'),
(570, 'Akoko North West', 27, 'yes', '0000-00-00 00:00:00', '0000-00-00 00:00:00'),
(571, 'Akoko South', 27, 'yes', '0000-00-00 00:00:00', '0000-00-00 00:00:00'),
(572, 'Akure East', 27, 'yes', '0000-00-00 00:00:00', '0000-00-00 00:00:00'),
(573, 'Akoko South West', 27, 'yes', '0000-00-00 00:00:00', '0000-00-00 00:00:00'),
(574, 'Akure North', 27, 'yes', '0000-00-00 00:00:00', '0000-00-00 00:00:00'),
(575, 'Akure South', 27, 'yes', '0000-00-00 00:00:00', '0000-00-00 00:00:00'),
(576, 'Ese-Odo', 27, 'yes', '0000-00-00 00:00:00', '0000-00-00 00:00:00'),
(577, 'Idanre', 27, 'yes', '0000-00-00 00:00:00', '0000-00-00 00:00:00'),
(578, 'Ifedore', 27, 'yes', '0000-00-00 00:00:00', '0000-00-00 00:00:00'),
(579, 'Ilaje', 27, 'yes', '0000-00-00 00:00:00', '0000-00-00 00:00:00'),
(580, 'Ile Oluji', 27, 'yes', '0000-00-00 00:00:00', '0000-00-00 00:00:00'),
(581, 'Okeigbo', 27, 'yes', '0000-00-00 00:00:00', '0000-00-00 00:00:00'),
(582, 'Irele', 27, 'yes', '0000-00-00 00:00:00', '0000-00-00 00:00:00'),
(583, 'Odigbo', 27, 'yes', '0000-00-00 00:00:00', '0000-00-00 00:00:00'),
(584, 'Okitipupa', 27, 'yes', '0000-00-00 00:00:00', '0000-00-00 00:00:00'),
(585, 'Ondo East', 27, 'yes', '0000-00-00 00:00:00', '0000-00-00 00:00:00'),
(586, 'Ondo West', 27, 'yes', '0000-00-00 00:00:00', '0000-00-00 00:00:00'),
(587, 'Ose', 27, 'yes', '0000-00-00 00:00:00', '0000-00-00 00:00:00'),
(588, 'Owo', 27, 'yes', '0000-00-00 00:00:00', '0000-00-00 00:00:00'),
(589, 'Aiyedade', 28, 'yes', '0000-00-00 00:00:00', '0000-00-00 00:00:00'),
(590, 'Aiyedire', 28, 'yes', '0000-00-00 00:00:00', '0000-00-00 00:00:00'),
(591, 'Atakumosa East', 28, 'yes', '0000-00-00 00:00:00', '0000-00-00 00:00:00'),
(592, 'Atakumosa West', 28, 'yes', '0000-00-00 00:00:00', '0000-00-00 00:00:00'),
(593, 'Boluwaduro', 28, 'yes', '0000-00-00 00:00:00', '0000-00-00 00:00:00'),
(594, 'Boripe', 28, 'yes', '0000-00-00 00:00:00', '0000-00-00 00:00:00'),
(595, 'Ede North', 28, 'yes', '0000-00-00 00:00:00', '0000-00-00 00:00:00'),
(596, 'Ede South', 28, 'yes', '0000-00-00 00:00:00', '0000-00-00 00:00:00'),
(597, 'Egbedore', 28, 'yes', '0000-00-00 00:00:00', '0000-00-00 00:00:00'),
(598, 'Ejigbo', 28, 'yes', '0000-00-00 00:00:00', '0000-00-00 00:00:00'),
(599, 'Ife Central', 28, 'yes', '0000-00-00 00:00:00', '0000-00-00 00:00:00'),
(600, 'Ife East', 28, 'yes', '0000-00-00 00:00:00', '0000-00-00 00:00:00'),
(601, 'Ife North', 28, 'yes', '0000-00-00 00:00:00', '0000-00-00 00:00:00'),
(602, 'Ife South', 28, 'yes', '0000-00-00 00:00:00', '0000-00-00 00:00:00'),
(603, 'Ifedayo', 28, 'yes', '0000-00-00 00:00:00', '0000-00-00 00:00:00'),
(604, 'Ifelodun', 28, 'yes', '0000-00-00 00:00:00', '0000-00-00 00:00:00'),
(605, 'Ila', 28, 'yes', '0000-00-00 00:00:00', '0000-00-00 00:00:00'),
(606, 'Ilesha East', 28, 'yes', '0000-00-00 00:00:00', '0000-00-00 00:00:00'),
(607, 'Ilesha West', 28, 'yes', '0000-00-00 00:00:00', '0000-00-00 00:00:00'),
(608, 'Irepodun', 28, 'yes', '0000-00-00 00:00:00', '0000-00-00 00:00:00'),
(609, 'Irewole', 28, 'yes', '0000-00-00 00:00:00', '0000-00-00 00:00:00'),
(610, 'Isokan', 28, 'yes', '0000-00-00 00:00:00', '0000-00-00 00:00:00'),
(611, 'Iwo', 28, 'yes', '0000-00-00 00:00:00', '0000-00-00 00:00:00'),
(612, 'Obokun', 28, 'yes', '0000-00-00 00:00:00', '0000-00-00 00:00:00'),
(613, 'Odo-Otin', 28, 'yes', '0000-00-00 00:00:00', '0000-00-00 00:00:00'),
(614, 'Ola-Oluwa', 28, 'yes', '0000-00-00 00:00:00', '0000-00-00 00:00:00'),
(615, 'Olorunda', 28, 'yes', '0000-00-00 00:00:00', '0000-00-00 00:00:00'),
(616, 'Oriade', 28, 'yes', '0000-00-00 00:00:00', '0000-00-00 00:00:00'),
(617, 'Orolu', 28, 'yes', '0000-00-00 00:00:00', '0000-00-00 00:00:00'),
(618, 'Osogbo', 28, 'yes', '0000-00-00 00:00:00', '0000-00-00 00:00:00'),
(619, 'Afijio', 29, 'yes', '0000-00-00 00:00:00', '0000-00-00 00:00:00'),
(620, 'Akinyele', 29, 'yes', '0000-00-00 00:00:00', '0000-00-00 00:00:00'),
(621, 'Atiba', 29, 'yes', '0000-00-00 00:00:00', '0000-00-00 00:00:00'),
(622, 'Atisbo', 29, 'yes', '0000-00-00 00:00:00', '0000-00-00 00:00:00'),
(623, 'Egbeda', 29, 'yes', '0000-00-00 00:00:00', '0000-00-00 00:00:00'),
(624, 'Ibadan North East', 29, 'yes', '0000-00-00 00:00:00', '0000-00-00 00:00:00'),
(625, 'Ibadan North', 29, 'yes', '0000-00-00 00:00:00', '0000-00-00 00:00:00'),
(626, 'Ibadan North West', 29, 'yes', '0000-00-00 00:00:00', '0000-00-00 00:00:00'),
(627, 'Ibadan South East', 29, 'yes', '0000-00-00 00:00:00', '0000-00-00 00:00:00'),
(628, 'Ibadan South West', 29, 'yes', '0000-00-00 00:00:00', '0000-00-00 00:00:00'),
(629, 'Ibarapa Central', 29, 'yes', '0000-00-00 00:00:00', '0000-00-00 00:00:00'),
(630, 'Ibarapa East', 29, 'yes', '0000-00-00 00:00:00', '0000-00-00 00:00:00'),
(631, 'Ibarapa North', 29, 'yes', '0000-00-00 00:00:00', '0000-00-00 00:00:00'),
(632, 'Ido', 29, 'yes', '0000-00-00 00:00:00', '0000-00-00 00:00:00'),
(633, 'Irepo', 29, 'yes', '0000-00-00 00:00:00', '0000-00-00 00:00:00'),
(634, 'Iseyin', 29, 'yes', '0000-00-00 00:00:00', '0000-00-00 00:00:00'),
(635, 'Itesiwaju', 29, 'yes', '0000-00-00 00:00:00', '0000-00-00 00:00:00'),
(636, 'Iwajowa', 29, 'yes', '0000-00-00 00:00:00', '0000-00-00 00:00:00'),
(637, 'Kajola', 29, 'yes', '0000-00-00 00:00:00', '0000-00-00 00:00:00'),
(638, 'Lagelu', 29, 'yes', '0000-00-00 00:00:00', '0000-00-00 00:00:00'),
(639, 'Ogbomosho North', 29, 'yes', '0000-00-00 00:00:00', '0000-00-00 00:00:00'),
(640, 'Ogbmosho South', 29, 'yes', '0000-00-00 00:00:00', '0000-00-00 00:00:00'),
(641, 'Ogo Oluwa', 29, 'yes', '0000-00-00 00:00:00', '0000-00-00 00:00:00'),
(642, 'Olorunsogo', 29, 'yes', '0000-00-00 00:00:00', '0000-00-00 00:00:00'),
(643, 'Oluyole', 29, 'yes', '0000-00-00 00:00:00', '0000-00-00 00:00:00'),
(644, 'Ona-Ara', 29, 'yes', '0000-00-00 00:00:00', '0000-00-00 00:00:00'),
(645, 'Orelope', 29, 'yes', '0000-00-00 00:00:00', '0000-00-00 00:00:00'),
(646, 'Ori Ire', 29, 'yes', '0000-00-00 00:00:00', '0000-00-00 00:00:00'),
(647, 'Oyo East', 29, 'yes', '0000-00-00 00:00:00', '0000-00-00 00:00:00'),
(648, 'Oyo West', 29, 'yes', '0000-00-00 00:00:00', '0000-00-00 00:00:00'),
(649, 'Saki East', 29, 'yes', '0000-00-00 00:00:00', '0000-00-00 00:00:00'),
(650, 'Saki West', 29, 'yes', '0000-00-00 00:00:00', '0000-00-00 00:00:00'),
(651, 'Surulere', 29, 'yes', '0000-00-00 00:00:00', '0000-00-00 00:00:00'),
(652, 'Barikin Ladi', 30, 'yes', '0000-00-00 00:00:00', '0000-00-00 00:00:00'),
(653, 'Bassa', 30, 'yes', '0000-00-00 00:00:00', '0000-00-00 00:00:00'),
(654, 'Bokkos', 30, 'yes', '0000-00-00 00:00:00', '0000-00-00 00:00:00'),
(655, 'Jos East', 30, 'yes', '0000-00-00 00:00:00', '0000-00-00 00:00:00'),
(656, 'Jos North', 30, 'yes', '0000-00-00 00:00:00', '0000-00-00 00:00:00'),
(657, 'Jos South', 30, 'yes', '0000-00-00 00:00:00', '0000-00-00 00:00:00'),
(658, 'Kanam', 30, 'yes', '0000-00-00 00:00:00', '0000-00-00 00:00:00'),
(659, 'Kanke', 30, 'yes', '0000-00-00 00:00:00', '0000-00-00 00:00:00'),
(660, 'Langtang North', 30, 'yes', '0000-00-00 00:00:00', '0000-00-00 00:00:00'),
(661, 'Langtang South', 30, 'yes', '0000-00-00 00:00:00', '0000-00-00 00:00:00'),
(662, 'Mangu', 30, 'yes', '0000-00-00 00:00:00', '0000-00-00 00:00:00'),
(663, 'Mikang', 30, 'yes', '0000-00-00 00:00:00', '0000-00-00 00:00:00'),
(664, 'Pankshin', 30, 'yes', '0000-00-00 00:00:00', '0000-00-00 00:00:00'),
(665, 'Qua\'an Pan', 30, 'yes', '0000-00-00 00:00:00', '0000-00-00 00:00:00'),
(666, 'Riyom', 30, 'yes', '0000-00-00 00:00:00', '0000-00-00 00:00:00'),
(667, 'Shendam', 30, 'yes', '0000-00-00 00:00:00', '0000-00-00 00:00:00'),
(668, 'Wase', 30, 'yes', '0000-00-00 00:00:00', '0000-00-00 00:00:00'),
(669, 'Abua/Odual', 31, 'yes', '0000-00-00 00:00:00', '0000-00-00 00:00:00'),
(670, 'Ahoada East', 31, 'yes', '0000-00-00 00:00:00', '0000-00-00 00:00:00'),
(671, 'Ahoada West', 31, 'yes', '0000-00-00 00:00:00', '0000-00-00 00:00:00'),
(672, 'Akuku Toru', 31, 'yes', '0000-00-00 00:00:00', '0000-00-00 00:00:00'),
(673, 'Andoni', 31, 'yes', '0000-00-00 00:00:00', '0000-00-00 00:00:00'),
(674, 'Asari-Toru', 31, 'yes', '0000-00-00 00:00:00', '0000-00-00 00:00:00'),
(675, 'Bonny', 31, 'yes', '0000-00-00 00:00:00', '0000-00-00 00:00:00'),
(676, 'Degema', 31, 'yes', '0000-00-00 00:00:00', '0000-00-00 00:00:00'),
(677, 'Emohua', 31, 'yes', '0000-00-00 00:00:00', '0000-00-00 00:00:00'),
(678, 'Eleme', 31, 'yes', '0000-00-00 00:00:00', '0000-00-00 00:00:00'),
(679, 'Etche', 31, 'yes', '0000-00-00 00:00:00', '0000-00-00 00:00:00'),
(680, 'Gokana', 31, 'yes', '0000-00-00 00:00:00', '0000-00-00 00:00:00'),
(681, 'Ikwerre', 31, 'yes', '0000-00-00 00:00:00', '0000-00-00 00:00:00');
INSERT INTO `lgas` (`lga_id`, `lga_name`, `state_id`, `status`, `date_created`, `date_updated`) VALUES
(682, 'Khana', 31, 'yes', '0000-00-00 00:00:00', '0000-00-00 00:00:00'),
(683, 'Obia/Akpor', 31, 'yes', '0000-00-00 00:00:00', '0000-00-00 00:00:00'),
(684, 'Ogba/Egbema/Ndoni', 31, 'yes', '0000-00-00 00:00:00', '0000-00-00 00:00:00'),
(685, 'Ogu/Bolo', 31, 'yes', '0000-00-00 00:00:00', '0000-00-00 00:00:00'),
(686, 'Okrika', 31, 'yes', '0000-00-00 00:00:00', '0000-00-00 00:00:00'),
(687, 'Omumma', 31, 'yes', '0000-00-00 00:00:00', '0000-00-00 00:00:00'),
(688, 'Opobo/Nkoro', 31, 'yes', '0000-00-00 00:00:00', '0000-00-00 00:00:00'),
(689, 'Oyigbo', 31, 'yes', '0000-00-00 00:00:00', '0000-00-00 00:00:00'),
(690, 'Port-Harcourt', 31, 'yes', '0000-00-00 00:00:00', '0000-00-00 00:00:00'),
(691, 'Tai', 31, 'yes', '0000-00-00 00:00:00', '0000-00-00 00:00:00'),
(692, 'Binji', 32, 'yes', '0000-00-00 00:00:00', '0000-00-00 00:00:00'),
(693, 'Bodinga', 32, 'yes', '0000-00-00 00:00:00', '0000-00-00 00:00:00'),
(694, 'Dange-shnsi', 32, 'yes', '0000-00-00 00:00:00', '0000-00-00 00:00:00'),
(695, 'Gada', 32, 'yes', '0000-00-00 00:00:00', '0000-00-00 00:00:00'),
(696, 'Goronyo', 32, 'yes', '0000-00-00 00:00:00', '0000-00-00 00:00:00'),
(697, 'Gudu', 32, 'yes', '0000-00-00 00:00:00', '0000-00-00 00:00:00'),
(698, 'Gawabawa', 32, 'yes', '0000-00-00 00:00:00', '0000-00-00 00:00:00'),
(699, 'Illela', 32, 'yes', '0000-00-00 00:00:00', '0000-00-00 00:00:00'),
(700, 'Isa', 32, 'yes', '0000-00-00 00:00:00', '0000-00-00 00:00:00'),
(701, 'Kware', 32, 'yes', '0000-00-00 00:00:00', '0000-00-00 00:00:00'),
(702, 'Kebbe', 32, 'yes', '0000-00-00 00:00:00', '0000-00-00 00:00:00'),
(703, 'Rabah', 32, 'yes', '0000-00-00 00:00:00', '0000-00-00 00:00:00'),
(704, 'Sabon Birni', 32, 'yes', '0000-00-00 00:00:00', '0000-00-00 00:00:00'),
(705, 'Shagari', 32, 'yes', '0000-00-00 00:00:00', '0000-00-00 00:00:00'),
(706, 'Silame', 32, 'yes', '0000-00-00 00:00:00', '0000-00-00 00:00:00'),
(707, 'Sokoto North', 32, 'yes', '0000-00-00 00:00:00', '0000-00-00 00:00:00'),
(708, 'Sokoto South', 32, 'yes', '0000-00-00 00:00:00', '0000-00-00 00:00:00'),
(709, 'Tambuwal', 32, 'yes', '0000-00-00 00:00:00', '0000-00-00 00:00:00'),
(710, 'Tungaza', 32, 'yes', '0000-00-00 00:00:00', '0000-00-00 00:00:00'),
(711, 'Tureta', 32, 'yes', '0000-00-00 00:00:00', '0000-00-00 00:00:00'),
(712, 'Wamako', 32, 'yes', '0000-00-00 00:00:00', '0000-00-00 00:00:00'),
(713, 'Wurno', 32, 'yes', '0000-00-00 00:00:00', '0000-00-00 00:00:00'),
(714, 'Yabo', 32, 'yes', '0000-00-00 00:00:00', '0000-00-00 00:00:00'),
(715, 'Bali', 33, 'yes', '0000-00-00 00:00:00', '0000-00-00 00:00:00'),
(716, 'Donga', 33, 'yes', '0000-00-00 00:00:00', '0000-00-00 00:00:00'),
(717, 'Gashaka', 33, 'yes', '0000-00-00 00:00:00', '0000-00-00 00:00:00'),
(718, 'Gassol', 33, 'yes', '0000-00-00 00:00:00', '0000-00-00 00:00:00'),
(719, 'Ibi', 33, 'yes', '0000-00-00 00:00:00', '0000-00-00 00:00:00'),
(720, 'Jalingo', 33, 'yes', '0000-00-00 00:00:00', '0000-00-00 00:00:00'),
(721, 'Karin-Lamido', 33, 'yes', '0000-00-00 00:00:00', '0000-00-00 00:00:00'),
(722, 'Kurmi', 33, 'yes', '0000-00-00 00:00:00', '0000-00-00 00:00:00'),
(723, 'Lau', 33, 'yes', '0000-00-00 00:00:00', '0000-00-00 00:00:00'),
(724, 'Sardauna', 33, 'yes', '0000-00-00 00:00:00', '0000-00-00 00:00:00'),
(725, 'Takum', 33, 'yes', '0000-00-00 00:00:00', '0000-00-00 00:00:00'),
(726, 'Ussa', 33, 'yes', '0000-00-00 00:00:00', '0000-00-00 00:00:00'),
(727, 'Wukari', 33, 'yes', '0000-00-00 00:00:00', '0000-00-00 00:00:00'),
(728, 'Yorro', 33, 'yes', '0000-00-00 00:00:00', '0000-00-00 00:00:00'),
(729, 'Zing', 33, 'yes', '0000-00-00 00:00:00', '0000-00-00 00:00:00'),
(730, 'Bursari', 34, 'yes', '0000-00-00 00:00:00', '0000-00-00 00:00:00'),
(731, 'Damaturu', 34, 'yes', '0000-00-00 00:00:00', '0000-00-00 00:00:00'),
(732, 'Bade', 34, 'yes', '0000-00-00 00:00:00', '0000-00-00 00:00:00'),
(733, 'Geidam', 34, 'yes', '0000-00-00 00:00:00', '0000-00-00 00:00:00'),
(734, 'Gujba', 34, 'yes', '0000-00-00 00:00:00', '0000-00-00 00:00:00'),
(735, 'Gulani', 34, 'yes', '0000-00-00 00:00:00', '0000-00-00 00:00:00'),
(736, 'Fika', 34, 'yes', '0000-00-00 00:00:00', '0000-00-00 00:00:00'),
(737, 'Fune', 34, 'yes', '0000-00-00 00:00:00', '0000-00-00 00:00:00'),
(738, 'Jakusko', 34, 'yes', '0000-00-00 00:00:00', '0000-00-00 00:00:00'),
(739, 'Karasuwa', 34, 'yes', '0000-00-00 00:00:00', '0000-00-00 00:00:00'),
(740, 'Karawa', 34, 'yes', '0000-00-00 00:00:00', '0000-00-00 00:00:00'),
(741, 'Machina', 34, 'yes', '0000-00-00 00:00:00', '0000-00-00 00:00:00'),
(742, 'Nangere', 34, 'yes', '0000-00-00 00:00:00', '0000-00-00 00:00:00'),
(743, 'Nguru', 34, 'yes', '0000-00-00 00:00:00', '0000-00-00 00:00:00'),
(744, 'Potiskum', 34, 'yes', '0000-00-00 00:00:00', '0000-00-00 00:00:00'),
(745, 'Tarmua', 34, 'yes', '0000-00-00 00:00:00', '0000-00-00 00:00:00'),
(746, 'Yunusari', 34, 'yes', '0000-00-00 00:00:00', '0000-00-00 00:00:00'),
(747, 'Yusufari', 34, 'yes', '0000-00-00 00:00:00', '0000-00-00 00:00:00'),
(748, 'Anka', 35, 'yes', '0000-00-00 00:00:00', '0000-00-00 00:00:00'),
(749, 'Bakura', 35, 'yes', '0000-00-00 00:00:00', '0000-00-00 00:00:00'),
(750, 'Birnin Magaji', 35, 'yes', '0000-00-00 00:00:00', '0000-00-00 00:00:00'),
(751, 'Bukkuyum', 35, 'yes', '0000-00-00 00:00:00', '0000-00-00 00:00:00'),
(752, 'Bungudu', 35, 'yes', '0000-00-00 00:00:00', '0000-00-00 00:00:00'),
(753, 'Gummi', 35, 'yes', '0000-00-00 00:00:00', '0000-00-00 00:00:00'),
(754, 'Gusau', 35, 'yes', '0000-00-00 00:00:00', '0000-00-00 00:00:00'),
(755, 'Kaura Namoda', 35, 'yes', '0000-00-00 00:00:00', '0000-00-00 00:00:00'),
(756, 'Maradun', 35, 'yes', '0000-00-00 00:00:00', '0000-00-00 00:00:00'),
(757, 'Maru', 35, 'yes', '0000-00-00 00:00:00', '0000-00-00 00:00:00'),
(758, 'Shinkafi', 35, 'yes', '0000-00-00 00:00:00', '0000-00-00 00:00:00'),
(759, 'Talata Mafara', 35, 'yes', '0000-00-00 00:00:00', '0000-00-00 00:00:00'),
(760, 'Tsafe', 35, 'yes', '0000-00-00 00:00:00', '0000-00-00 00:00:00'),
(761, 'Zurmi', 35, 'yes', '0000-00-00 00:00:00', '0000-00-00 00:00:00'),
(762, 'Abaji', 36, 'yes', '0000-00-00 00:00:00', '0000-00-00 00:00:00'),
(763, 'Abuja Municipal', 36, 'yes', '0000-00-00 00:00:00', '0000-00-00 00:00:00'),
(764, 'Gwagwalada', 36, 'yes', '0000-00-00 00:00:00', '0000-00-00 00:00:00'),
(765, 'Kuje', 36, 'yes', '0000-00-00 00:00:00', '0000-00-00 00:00:00'),
(766, 'Bwari', 36, 'yes', '0000-00-00 00:00:00', '0000-00-00 00:00:00'),
(767, 'Kwali', 36, 'yes', '0000-00-00 00:00:00', '0000-00-00 00:00:00');

-- --------------------------------------------------------

--
-- Table structure for table `occupation`
--

CREATE TABLE `occupation` (
  `occupation_id` int(11) NOT NULL,
  `occupation_name` varchar(255) NOT NULL,
  `status` varchar(5) NOT NULL,
  `date_created` date NOT NULL,
  `date_updated` date NOT NULL
) ENGINE=InnoDB DEFAULT CHARSET=latin1;

--
-- Dumping data for table `occupation`
--

INSERT INTO `occupation` (`occupation_id`, `occupation_name`, `status`, `date_created`, `date_updated`) VALUES
(1, 'Air Conditioner Technician', 'yes', '0000-00-00', '0000-00-00'),
(2, 'Battery Charger', 'yes', '2017-04-20', '0000-00-00'),
(3, 'Bricklayer', 'yes', '2017-04-20', '0000-00-00'),
(4, 'Builder', 'yes', '2017-04-20', '0000-00-00'),
(5, 'Carpenter', 'yes', '2017-04-20', '0000-00-00'),
(6, 'Carpet layer', 'yes', '2017-04-20', '0000-00-00'),
(7, 'Computer Technician', 'yes', '2017-04-20', '0000-00-00'),
(8, 'Decorator', 'yes', '2017-04-20', '0000-00-00'),
(9, 'DSTV Technician', 'yes', '2017-04-20', '0000-00-00'),
(10, 'Fabricator', 'yes', '2017-04-20', '0000-00-00'),
(11, 'Gardener', 'yes', '2017-04-20', '0000-00-00'),
(12, 'Chef', 'yes', '2017-04-20', '0000-00-00'),
(13, 'Knife sharpener', 'yes', '2017-04-20', '0000-00-00'),
(14, 'Landscaper', 'yes', '2017-04-20', '0000-00-00'),
(15, 'Auto Mechanic', 'yes', '2017-04-20', '0000-00-00'),
(16, 'Metal Worker', 'yes', '2017-04-20', '0000-00-00'),
(17, 'Painter ', 'yes', '2017-04-20', '0000-00-00'),
(18, 'Panel Beater', 'yes', '2017-04-20', '0000-00-00'),
(19, 'Paving Stones Fitter', 'yes', '2017-04-20', '0000-00-00'),
(20, 'Plumber', 'yes', '2017-04-20', '0000-00-00'),
(21, 'Refrigerator Technician', 'yes', '2017-04-20', '0000-00-00'),
(22, 'Solderer', 'yes', '2017-04-20', '0000-00-00'),
(23, 'Swimming Pool Specialist', 'yes', '2017-04-20', '0000-00-00'),
(24, 'Tiler', 'yes', '2017-04-20', '0000-00-00'),
(25, 'TV Repairer', 'yes', '2017-04-20', '0000-00-00'),
(26, 'Vulcaniser', 'yes', '2017-04-20', '0000-00-00'),
(27, 'Welder', 'yes', '2017-04-20', '0000-00-00'),
(28, 'Interior Decorator', 'yes', '2017-04-20', '0000-00-00'),
(30, 'Aluminium ', 'yes', '2017-04-20', '0000-00-00'),
(31, 'Artist', 'yes', '2017-04-20', '0000-00-00'),
(33, 'Barber', 'yes', '2017-04-20', '0000-00-00'),
(34, 'Basket Weaver', 'yes', '2017-04-20', '0000-00-00'),
(35, 'Bicycle Repairer', 'yes', '2017-04-20', '0000-00-00'),
(36, 'Borehole Experts', 'yes', '2017-04-20', '0000-00-00'),
(37, 'Camera Man', 'yes', '2017-04-20', '0000-00-00'),
(38, 'Car Hire ', 'yes', '2017-04-20', '0000-00-00'),
(39, 'Carwash', 'yes', '2017-04-20', '0000-00-00'),
(40, 'Caterer', 'yes', '2017-04-20', '0000-00-00'),
(41, 'CCTV ', 'yes', '2017-04-20', '0000-00-00'),
(42, 'Ceiling POP', 'yes', '2017-04-20', '0000-00-00'),
(43, 'Cleaning Service', 'yes', '2017-04-20', '0000-00-00'),
(44, 'Cobbler (Shoe Maker)', 'yes', '2017-04-20', '0000-00-00'),
(45, 'Drycleaner', 'yes', '2017-04-20', '0000-00-00'),
(46, 'Embroidery', 'yes', '2017-04-20', '0000-00-00'),
(47, 'Tailor', 'yes', '2017-04-20', '0000-00-00'),
(48, 'Graffiti ', 'yes', '2017-04-20', '0000-00-00'),
(49, 'Iron Bender', 'yes', '2017-04-20', '0000-00-00'),
(50, 'Hairdresser', 'yes', '2017-04-20', '0000-00-00'),
(51, 'Electricians', 'yes', '2017-04-20', '0000-00-00'),
(52, 'Key Cutters', 'yes', '2017-04-20', '0000-00-00'),
(53, 'Make-up Artist', 'yes', '2017-04-20', '0000-00-00'),
(54, 'Rental Services', 'yes', '2017-04-20', '0000-00-00'),
(55, 'Rewire', 'yes', '2017-04-20', '0000-00-00'),
(56, 'Spare Part Dealer', 'yes', '2017-04-20', '0000-00-00'),
(57, 'Upholstery', 'yes', '2017-04-20', '0000-00-00'),
(58, 'Wheel Balancing', 'yes', '2017-04-20', '0000-00-00'),
(59, 'Wood Turner', 'yes', '2017-04-20', '0000-00-00'),
(60, 'Bead Makers', 'yes', '2017-04-20', '0000-00-00');

-- --------------------------------------------------------

--
-- Table structure for table `states`
--

CREATE TABLE `states` (
  `state_id` int(5) NOT NULL,
  `state_name` varchar(20) NOT NULL,
  `status` varchar(5) NOT NULL,
  `date_created` datetime NOT NULL,
  `date_updated` datetime NOT NULL
) ENGINE=InnoDB DEFAULT CHARSET=latin1;

--
-- Dumping data for table `states`
--

INSERT INTO `states` (`state_id`, `state_name`, `status`, `date_created`, `date_updated`) VALUES
(1, 'Abia', 'yes', '0000-00-00 00:00:00', '0000-00-00 00:00:00'),
(2, 'Adamawa', 'yes', '0000-00-00 00:00:00', '0000-00-00 00:00:00'),
(3, 'Akwa Ibom', 'yes', '0000-00-00 00:00:00', '0000-00-00 00:00:00'),
(4, 'Anambra', 'yes', '0000-00-00 00:00:00', '0000-00-00 00:00:00'),
(5, 'Bauchi', 'yes', '0000-00-00 00:00:00', '0000-00-00 00:00:00'),
(6, 'Bayelsa', 'yes', '0000-00-00 00:00:00', '0000-00-00 00:00:00'),
(7, 'Benue', 'yes', '0000-00-00 00:00:00', '0000-00-00 00:00:00'),
(8, 'Borno', 'yes', '0000-00-00 00:00:00', '0000-00-00 00:00:00'),
(9, 'Cross River', 'yes', '0000-00-00 00:00:00', '0000-00-00 00:00:00'),
(10, 'Delta', 'yes', '0000-00-00 00:00:00', '0000-00-00 00:00:00'),
(11, 'Ebonyi', 'yes', '0000-00-00 00:00:00', '0000-00-00 00:00:00'),
(12, 'Edo', 'yes', '0000-00-00 00:00:00', '0000-00-00 00:00:00'),
(13, 'Enugu', 'yes', '0000-00-00 00:00:00', '0000-00-00 00:00:00'),
(14, 'Gombe', 'yes', '0000-00-00 00:00:00', '0000-00-00 00:00:00'),
(15, 'Imo', 'yes', '0000-00-00 00:00:00', '0000-00-00 00:00:00'),
(16, 'Jigawa', 'yes', '0000-00-00 00:00:00', '0000-00-00 00:00:00'),
(17, 'Kaduna', 'yes', '0000-00-00 00:00:00', '0000-00-00 00:00:00'),
(18, 'Kano', 'yes', '0000-00-00 00:00:00', '0000-00-00 00:00:00'),
(19, 'Kastina', 'yes', '0000-00-00 00:00:00', '0000-00-00 00:00:00'),
(20, 'Kebbi', 'yes', '0000-00-00 00:00:00', '0000-00-00 00:00:00'),
(21, 'Kogi', 'yes', '0000-00-00 00:00:00', '0000-00-00 00:00:00'),
(22, 'Kwara', 'yes', '0000-00-00 00:00:00', '0000-00-00 00:00:00'),
(23, 'Lagos', 'yes', '0000-00-00 00:00:00', '0000-00-00 00:00:00'),
(24, 'Nassarawa', 'yes', '0000-00-00 00:00:00', '0000-00-00 00:00:00'),
(25, 'Niger', 'yes', '0000-00-00 00:00:00', '0000-00-00 00:00:00'),
(26, 'Ogun', 'yes', '0000-00-00 00:00:00', '0000-00-00 00:00:00'),
(27, 'Ondo', 'yes', '0000-00-00 00:00:00', '0000-00-00 00:00:00'),
(28, 'Osun', 'yes', '0000-00-00 00:00:00', '0000-00-00 00:00:00'),
(29, 'Oyo', 'yes', '0000-00-00 00:00:00', '0000-00-00 00:00:00'),
(30, 'Plateau', 'yes', '0000-00-00 00:00:00', '0000-00-00 00:00:00'),
(31, 'Rivers', 'yes', '0000-00-00 00:00:00', '0000-00-00 00:00:00'),
(32, 'Sokoto', 'yes', '0000-00-00 00:00:00', '0000-00-00 00:00:00'),
(33, 'Taraba', 'yes', '0000-00-00 00:00:00', '0000-00-00 00:00:00'),
(34, 'Yobe', 'yes', '0000-00-00 00:00:00', '0000-00-00 00:00:00'),
(35, 'Zamfara', 'yes', '0000-00-00 00:00:00', '0000-00-00 00:00:00'),
(36, 'Abuja', 'yes', '0000-00-00 00:00:00', '0000-00-00 00:00:00');

--
-- Indexes for dumped tables
--

--
-- Indexes for table `artisans`
--
ALTER TABLE `artisans`
  ADD PRIMARY KEY (`artisan_id`),
  ADD KEY `artisan_occupation_id` (`artisan_occupation_id`),
  ADD KEY `lga_id` (`lga_id`);

--
-- Indexes for table `comments`
--
ALTER TABLE `comments`
  ADD PRIMARY KEY (`comment_id`),
  ADD KEY `artisan_id` (`artisan_id`);

--
-- Indexes for table `images`
--
ALTER TABLE `images`
  ADD PRIMARY KEY (`image_id`),
  ADD KEY `artisan_id` (`artisan_id`);

--
-- Indexes for table `lgas`
--
ALTER TABLE `lgas`
  ADD PRIMARY KEY (`lga_id`),
  ADD KEY `state_id` (`state_id`),
  ADD KEY `date_created` (`date_created`),
  ADD KEY `state_id_2` (`state_id`);

--
-- Indexes for table `occupation`
--
ALTER TABLE `occupation`
  ADD PRIMARY KEY (`occupation_id`);

--
-- Indexes for table `states`
--
ALTER TABLE `states`
  ADD PRIMARY KEY (`state_id`);

--
-- AUTO_INCREMENT for dumped tables
--

--
-- AUTO_INCREMENT for table `artisans`
--
ALTER TABLE `artisans`
  MODIFY `artisan_id` int(11) NOT NULL AUTO_INCREMENT;
--
-- AUTO_INCREMENT for table `comments`
--
ALTER TABLE `comments`
  MODIFY `comment_id` int(11) NOT NULL AUTO_INCREMENT;
--
-- AUTO_INCREMENT for table `images`
--
ALTER TABLE `images`
  MODIFY `image_id` int(11) NOT NULL AUTO_INCREMENT;
--
-- AUTO_INCREMENT for table `lgas`
--
ALTER TABLE `lgas`
  MODIFY `lga_id` int(5) NOT NULL AUTO_INCREMENT, AUTO_INCREMENT=768;
--
-- AUTO_INCREMENT for table `occupation`
--
ALTER TABLE `occupation`
  MODIFY `occupation_id` int(11) NOT NULL AUTO_INCREMENT, AUTO_INCREMENT=61;
--
-- AUTO_INCREMENT for table `states`
--
ALTER TABLE `states`
  MODIFY `state_id` int(5) NOT NULL AUTO_INCREMENT, AUTO_INCREMENT=37;
--
-- Constraints for dumped tables
--

--
-- Constraints for table `artisans`
--
ALTER TABLE `artisans`
  ADD CONSTRAINT `artisans_ibfk_1` FOREIGN KEY (`artisan_occupation_id`) REFERENCES `occupation` (`occupation_id`) ON DELETE CASCADE ON UPDATE CASCADE,
  ADD CONSTRAINT `artisans_ibfk_2` FOREIGN KEY (`lga_id`) REFERENCES `lgas` (`lga_id`);

--
-- Constraints for table `comments`
--
ALTER TABLE `comments`
  ADD CONSTRAINT `comments_ibfk_1` FOREIGN KEY (`artisan_id`) REFERENCES `artisans` (`artisan_id`) ON DELETE CASCADE ON UPDATE CASCADE;

--
-- Constraints for table `images`
--
ALTER TABLE `images`
  ADD CONSTRAINT `images_ibfk_1` FOREIGN KEY (`artisan_id`) REFERENCES `artisans` (`artisan_id`);

--
-- Constraints for table `lgas`
--
ALTER TABLE `lgas`
  ADD CONSTRAINT `lgas_ibfk_1` FOREIGN KEY (`state_id`) REFERENCES `states` (`state_id`) ON DELETE CASCADE ON UPDATE CASCADE;

/*!40101 SET CHARACTER_SET_CLIENT=@OLD_CHARACTER_SET_CLIENT */;
/*!40101 SET CHARACTER_SET_RESULTS=@OLD_CHARACTER_SET_RESULTS */;
/*!40101 SET COLLATION_CONNECTION=@OLD_COLLATION_CONNECTION */;
